Nitrogen,Phosphorus,Potassium,Moisture,Temperature,Conductivity,pH,Label
31.72,13.45,25.63,54.78,21.34,0.32,6.93,Loamy Soil
25.14,18.27,22.17,50.12,19.82,0.34,7.19,Loamy Soil
33.89,12.68,27.41,57.45,23.11,0.28,7.37,Loamy Soil
37.28,16.92,29.15,59.27,24.87,0.37,6.45,Loamy Soil
22.47,11.36,17.84,48.92,16.59,0.22,6.75,Loamy Soil
28.14,14.73,21.05,52.33,20.05,0.25,7.14,Loamy Soil
36.02,19.43,26.79,58.06,24.43,0.31,7.48,Loamy Soil
30.75,17.08,24.28,53.64,22.48,0.29,7.02,Loamy Soil
24.89,10.87,18.76,49.76,17.91,0.33,6.68,Loamy Soil
34.56,15.61,28.63,55.89,23.76,0.36,6.84,Loamy Soil
32.18,16.34,26.49,55.73,22.93,0.35,7.24,Loamy Soil
26.79,13.79,23.36,51.42,20.62,0.27,6.56,Loamy Soil
35.42,18.61,29.93,56.96,24.19,0.3,6.79,Loamy Soil
39.08,14.26,31.67,58.78,25.95,0.38,7.43,Loamy Soil
24.32,12.12,20.32,49.09,17.26,0.23,6.91,Loamy Soil
29.65,15.48,24.6,53.5,21.72,0.26,7.32,Loamy Soil
37.73,20.18,27.04,59.61,25.3,0.32,7.16,Loamy Soil
31.06,17.83,25.52,54.19,23.35,0.28,6.7,Loamy Soil
25.2,11.52,19,50.31,18.78,0.34,6.82,Loamy Soil
34.87,16.17,28.08,56.44,24.04,0.37,7.12,Loamy Soil
33.52,14.61,27.87,57.12,23.57,0.31,6.98,Loamy Soil
27.14,12.94,23.81,51.84,21.04,0.32,7.23,Loamy Soil
36.19,17.26,30.22,59.94,25.48,0.35,6.75,Loamy Soil
40.75,13.61,32.89,61.76,26.94,0.39,7.41,Loamy Soil
25.92,11.97,21.68,50.5,18.47,0.29,7.1,Loamy Soil
30.25,15.32,25.15,54.88,22.91,0.33,6.63,Loamy Soil
38.33,19.02,28.59,60.01,26.49,0.36,6.87,Loamy Soil
32.66,16.67,27.07,55.59,24.54,0.3,7.18,Loamy Soil
26.8,12.36,20.55,49.71,19.97,0.26,7.35,Loamy Soil
35.47,17.98,29.36,56.84,24.34,0.38,6.8,Loamy Soil
33.12,15.81,26.28,55.34,23.23,0.34,7.02,Loamy Soil
28.74,14.14,22.24,51.03,20.91,0.36,7.28,Loamy Soil
37.39,18.46,28.8,57.66,24.59,0.29,7.46,Loamy Soil
41.98,14.81,31.46,59.48,26.35,0.38,6.54,Loamy Soil
26.58,12.67,20,48.77,17.91,0.33,6.85,Loamy Soil
31.91,16.03,24.28,53.19,21.37,0.36,7.24,Loamy Soil
39.99,20.73,27.71,58.91,25.95,0.32,7.48,Loamy Soil
34.32,18.38,26.19,54.49,23,0.28,7.01,Loamy Soil
28.46,12.08,19.67,50.61,18.43,0.34,6.68,Loamy Soil
36.13,16.78,28.53,56.74,23.78,0.37,6.84,Loamy Soil
32.78,15.22,27.12,56.22,23.45,0.31,7.17,Loamy Soil
27.39,14.56,23.05,51.91,21.12,0.32,6.49,Loamy Soil
36.04,19.89,29.58,58.13,24.79,0.35,7.2,Loamy Soil
40.6,15.24,31.24,59.95,26.25,0.39,6.86,Loamy Soil
25.68,13.1,20.88,50.26,18.14,0.29,7.45,Loamy Soil
30.01,16.45,25.35,54.64,22.6,0.33,6.98,Loamy Soil
38.09,20.15,27.79,59.77,26.18,0.36,6.72,Loamy Soil
32.42,17.8,26.27,55.35,24.23,0.3,6.94,Loamy Soil
26.56,13.49,20.55,49.94,19.67,0.26,7.11,Loamy Soil
35.23,17.14,29.08,56.07,23.49,0.38,7.35,Loamy Soil
31.98,14.81,26.98,55.98,23.11,0.34,7.02,Loamy Soil
27.59,14.14,23.91,51.67,20.79,0.36,7.28,Loamy Soil
36.24,18.46,29.37,58.3,24.45,0.29,7.46,Loamy Soil
40.8,13.81,32.04,60.12,26.21,0.38,6.54,Loamy Soil
25.88,12.67,20.44,50.39,17.83,0.33,6.85,Loamy Soil
31.21,16.03,24.75,54.78,22.29,0.36,7.24,Loamy Soil
39.29,20.73,28.51,60.51,25.87,0.32,7.48,Loamy Soil
33.62,18.38,26.99,55.09,23.43,0.28,7.01,Loamy Soil
27.76,12.08,19.6,50.21,18.29,0.34,6.68,Loamy Soil
36.43,16.78,28.76,56.53,23.63,0.37,6.84,Loamy Soil
32.09,15.22,27.65,56.52,23.75,0.31,7.17,Loamy Soil
26.7,14.56,23.58,52.21,21.43,0.32,6.49,Loamy Soil
35.35,19.89,30.14,58.43,24.97,0.35,7.2,Loamy Soil
39.91,15.24,31.8,60.25,26.43,0.39,6.86,Loamy Soil
26.99,13.1,21.22,50.78,18.58,0.29,7.45,Loamy Soil
31.32,16.45,25.71,55.16,22.75,0.33,6.98,Loamy Soil
38.4,20.15,28.94,60.64,26.3,0.36,6.72,Loamy Soil
32.73,17.8,26.61,55.73,24.38,0.3,6.94,Loamy Soil
26.87,13.49,20.89,50.05,19.51,0.26,7.11,Loamy Soil
35.54,17.14,29.44,56.2,23.92,0.38,7.35,Loamy Soil
31.77,14.32,26.83,55.56,23.33,0.34,7.08,Loamy Soil
27.38,14.65,23.76,51.25,21.01,0.36,7.34,Loamy Soil
36.03,18.97,29.22,58.47,24.65,0.29,7.02,Loamy Soil
40.59,13.32,31.88,60.29,26.11,0.38,6.69,Loamy Soil
25.87,12.98,20.36,50.17,17.74,0.33,6.9,Loamy Soil
31.2,16.33,24.67,54.85,22.19,0.36,7.29,Loamy Soil
39.28,20.03,28.36,60.58,25.77,0.32,7.48,Loamy Soil
33.61,17.68,26.14,55.17,23.31,0.28,7.01,Loamy Soil
27.75,12.28,19.68,50.29,18.14,0.34,6.68,Loamy Soil
36.42,16.88,28.6,56.42,23.69,0.37,6.84,Loamy Soil
32.08,15.02,27.48,56.63,23.81,0.31,7.17,Loamy Soil
26.69,14.36,23.51,52.32,21.31,0.32,6.49,Loamy Soil
35.34,19.68,29.05,58.54,24.87,0.35,7.2,Loamy Soil
39.9,15.14,31.71,60.36,26.43,0.39,6.86,Loamy Soil
26.98,13.43,21.11,50.92,18.39,0.29,7.45,Loamy Soil
31.31,16.78,25.64,55.26,22.67,0.33,6.98,Loamy Soil
38.39,20.48,28.88,60.71,25.98,0.36,6.72,Loamy Soil
32.72,17.34,26.4,55.84,24.22,0.3,6.94,Loamy Soil
26.86,13.01,20.81,50.12,19.03,0.26,7.11,Loamy Soil
35.53,17.68,29.2,56.11,23.97,0.38,7.35,Loamy Soil
31.77,14.22,26.68,55.41,23.21,0.34,7.08,Loamy Soil
27.38,14.55,23.61,51.1,20.89,0.36,7.34,Loamy Soil
35.03,18.86,28.93,58.14,24.54,0.29,7.02,Loamy Soil
39.59,13.77,31.59,59.95,26,0.38,6.69,Loamy Soil
25.68,12.88,20.29,50.03,17.66,0.33,6.9,Loamy Soil
31.19,16.22,24.54,54.71,22.07,0.36,7.29,Loamy Soil
39.28,19.93,28.22,60.67,25.66,0.32,7.48,Loamy Soil
33.6,17.58,26,55,23.18,0.28,7.01,Loamy Soil
27.75,12.18,19.78,50.13,18,0.34,6.68,Loamy Soil
36.39,16.78,28.49,56.36,23.55,0.37,6.84,Loamy Soil
32.08,14.92,27.37,56.52,23.67,0.31,7.17,Loamy Soil
26.69,14.26,23.44,52.32,20.99,0.32,6.49,Loamy Soil
35.28,19.68,29,58.39,24.8,0.35,7.2,Loamy Soil
39.87,15.04,31.65,60.43,26.38,0.39,6.86,Loamy Soil
26.88,13.39,21,50.86,18.28,0.29,7.45,Loamy Soil
31.27,16.72,25.49,55.17,22.56,0.33,6.98,Loamy Soil
38.38,20.48,28.83,60.71,25.92,0.36,6.72,Loamy Soil
32.71,17.24,26.27,55.79,24.17,0.3,6.94,Loamy Soil
26.87,12.97,20.73,50.08,19.12,0.26,7.11,Loamy Soil
35.54,17.78,29.15,56.21,24,0.38,7.35,Loamy Soil
31.97,14.31,26.97,55.97,23.1,0.34,7.09,Loamy Soil
27.58,14.14,23.89,51.67,20.78,0.36,7.33,Loamy Soil
36.08,18.47,29.27,58.27,24.43,0.29,7.03,Loamy Soil
40.66,13.79,32.07,60.08,25.99,0.38,6.7,Loamy Soil
25.77,12.88,20.29,50.02,17.75,0.33,6.9,Loamy Soil
31.28,16.21,24.63,54.81,22.08,0.36,7.28,Loamy Soil
39.37,20.02,28.32,60.61,25.68,0.32,7.48,Loamy Soil
33.69,17.57,26.12,55.08,23.16,0.28,7.02,Loamy Soil
27.86,12.17,19.89,50.1,18.01,0.34,6.68,Loamy Soil
36.57,16.77,28.43,56.46,23.47,0.37,6.83,Loamy Soil
32.17,14.91,27.26,56.61,23.59,0.31,7.16,Loamy Soil
26.78,14.25,23.52,52.31,21,0.32,6.48,Loamy Soil
35.48,19.67,29.07,58.46,24.79,0.35,7.19,Loamy Soil
39.97,15.03,31.76,60.35,26.37,0.39,6.86,Loamy Soil
26.97,13.38,21.18,50.89,18.27,0.29,7.44,Loamy Soil
31.38,16.71,25.54,55.26,22.55,0.33,6.99,Loamy Soil
38.48,20.47,28.87,60.7,25.91,0.36,6.72,Loamy Soil
32.77,17.23,26.39,55.83,24.16,0.3,6.94,Loamy Soil
26.86,12.96,20.8,50.11,19.11,0.26,7.1,Loamy Soil
35.58,17.77,29.14,56.22,23.99,0.38,7.35,Loamy Soil
31.88,14.52,26.77,55.76,23.42,0.34,7.07,Loamy Soil
27.49,14.45,23.7,51.45,21.1,0.36,7.32,Loamy Soil
36.14,18.56,29.12,58.58,24.68,0.29,7.04,Loamy Soil
40.7,13.95,32.19,60.39,26.06,0.38,6.71,Loamy Soil
25.79,12.98,20.39,50.05,17.84,0.33,6.89,Loamy Soil
31.3,16.34,24.75,54.79,22.21,0.36,7.27,Loamy Soil
39.38,20.12,28.45,60.63,25.7,0.32,7.47,Loamy Soil
33.71,17.76,26.21,55.06,23.14,0.28,7.01,Loamy Soil
27.87,12.27,19.99,50.09,18.09,0.34,6.68,Loamy Soil
36.58,16.87,28.57,56.41,23.52,0.37,6.83,Loamy Soil
32.18,14.89,27.35,56.62,23.64,0.31,7.16,Loamy Soil
26.79,14.22,23.56,52.31,21.02,0.32,6.48,Loamy Soil
35.38,19.45,28.94,58.41,24.91,0.35,7.18,Loamy Soil
40,14.87,31.86,60.42,26.34,0.39,6.86,Loamy Soil
26.89,13.47,21.07,50.91,18.36,0.29,7.45,Loamy Soil
31.39,16.7,25.49,55.27,22.57,0.33,6.99,Loamy Soil
38.49,20.26,28.93,60.73,25.93,0.36,6.72,Loamy Soil
32.78,17.14,26.38,55.82,24.15,0.3,6.94,Loamy Soil
26.87,12.96,20.78,50.12,19.1,0.26,7.1,Loamy Soil
35.59,17.66,29.13,56.23,24.01,0.38,7.35,Loamy Soil
31.88,14.62,26.87,55.86,23.2,0.34,7.07,Loamy Soil
27.49,14.55,23.8,51.56,20.91,0.36,7.32,Loamy Soil
36.14,18.57,29.07,58.79,24.47,0.29,7.05,Loamy Soil
40.7,13.97,32.14,60.4,26.08,0.38,6.71,Loamy Soil
25.79,12.98,20.36,50.01,17.86,0.33,6.89,Loamy Soil
31.3,16.34,24.72,54.82,22.24,0.36,7.27,Loamy Soil
39.38,20.12,28.43,60.63,25.71,0.32,7.47,Loamy Soil
33.71,17.76,26.17,55.09,23.18,0.28,7.01,Loamy Soil
27.86,12.27,19.98,50.09,18.1,0.34,6.68,Loamy Soil
36.58,16.87,28.46,56.47,23.54,0.37,6.83,Loamy Soil
32.18,14.89,27.35,56.62,23.65,0.31,7.16,Loamy Soil
26.79,14.22,23.58,52.31,21.04,0.32,6.48,Loamy Soil
35.38,19.45,28.94,58.41,24.93,0.35,7.18,Loamy Soil
40,14.87,31.86,60.42,26.35,0.39,6.86,Loamy Soil
26.89,13.47,21.07,50.9,18.37,0.29,7.45,Loamy Soil
31.39,16.7,25.49,55.27,22.58,0.33,6.99,Loamy Soil
38.49,20.26,28.93,60.73,25.94,0.36,6.72,Loamy Soil
32.78,17.14,26.38,55.82,24.17,0.3,6.94,Loamy Soil
26.87,12.96,20.78,50.11,19.09,0.26,7.1,Loamy Soil
35.59,17.66,29.13,56.23,24.02,0.38,7.35,Loamy Soil
31.88,14.52,26.77,55.76,23.42,0.34,7.07,Loamy Soil
27.49,14.45,23.8,51.56,20.91,0.36,7.32,Loamy Soil
36.14,18.57,29.07,58.79,24.47,0.29,7.05,Loamy Soil
40.7,13.97,32.14,60.4,26.08,0.38,6.71,Loamy Soil
25.79,12.98,20.36,50.01,17.86,0.33,6.89,Loamy Soil
31.3,16.34,24.72,54.82,22.24,0.36,7.27,Loamy Soil
39.38,20.12,28.43,60.63,25.71,0.32,7.47,Loamy Soil
33.71,17.76,26.17,55.09,23.18,0.28,7.01,Loamy Soil
27.86,12.27,19.98,50.09,18.1,0.34,6.68,Loamy Soil
36.58,16.87,28.46,56.47,23.54,0.37,6.83,Loamy Soil
32.08,14.61,26.87,55.96,23.09,0.34,7.08,Loamy Soil
27.69,14.44,23.79,51.66,20.77,0.36,7.33,Loamy Soil
36.24,18.56,29.11,58.28,24.44,0.29,7.03,Loamy Soil
40.79,13.96,32.13,60.1,26.1,0.38,6.7,Loamy Soil
25.87,12.87,20.37,50.04,17.75,0.33,6.91,Loamy Soil
31.19,16.33,24.76,54.84,22.18,0.36,7.29,Loamy Soil
39.28,19.92,28.35,60.59,25.78,0.32,7.48,Loamy Soil
33.6,17.57,26.13,55.07,23.32,0.28,7.02,Loamy Soil
27.75,12.17,19.88,50.14,18.12,0.34,6.69,Loamy Soil
36.43,16.78,28.59,56.44,23.49,0.37,6.84,Loamy Soil
32.09,14.89,27.36,56.64,23.61,0.31,7.17,Loamy Soil
26.7,14.25,23.53,52.33,21.01,0.32,6.49,Loamy Soil
35.35,19.67,29.06,58.4,24.88,0.35,7.19,Loamy Soil
39.9,15.06,31.69,60.44,26.36,0.39,6.86,Loamy Soil
26.98,13.37,21.17,50.91,18.38,0.29,7.45,Loamy Soil
31.31,16.71,25.55,55.27,22.56,0.33,6.98,Loamy Soil
38.4,20.45,28.86,60.7,25.95,0.36,6.72,Loamy Soil
32.71,17.14,26.39,55.82,24.18,0.3,6.94,Loamy Soil
26.87,12.96,20.77,50.12,19.09,0.26,7.11,Loamy Soil
35.54,17.65,29.12,56.24,24,0.38,7.35,Loamy Soil
31.88,14.62,26.87,55.96,23.09,0.34,7.08,Loamy Soil
27.69,14.44,23.79,51.66,20.77,0.36,7.33,Loamy Soil
36.24,18.56,29.11,58.28,24.44,0.29,7.03,Loamy Soil
40.79,13.96,32.13,60.1,26.1,0.38,6.7,Loamy Soil
25.87,12.87,20.37,50.04,17.75,0.33,6.91,Loamy Soil
31.19,16.33,24.76,54.84,22.18,0.36,7.29,Loamy Soil
39.28,19.92,28.35,60.59,25.78,0.32,7.48,Loamy Soil
33.6,17.57,26.13,55.07,23.32,0.28,7.02,Loamy Soil
27.75,12.17,19.88,50.14,18.12,0.34,6.69,Loamy Soil
36.43,16.78,28.59,56.44,23.49,0.37,6.84,Loamy Soil
32.09,14.61,26.88,55.95,23.08,0.34,7.09,Loamy Soil
27.7,14.43,23.78,51.67,20.76,0.36,7.34,Loamy Soil
36.25,18.55,29.09,58.29,24.45,0.29,7.04,Loamy Soil
40.8,13.97,32.12,60.11,26.11,0.38,6.71,Loamy Soil
25.88,12.86,20.38,50.05,17.74,0.33,6.9,Loamy Soil
31.2,16.32,24.77,54.85,22.17,0.36,7.28,Loamy Soil
39.29,19.91,28.34,60.6,25.79,0.32,7.48,Loamy Soil
33.61,17.56,26.14,55.08,23.33,0.28,7.02,Loamy Soil
27.76,12.16,19.87,50.15,18.13,0.34,6.68,Loamy Soil
36.44,16.77,28.58,56.45,23.48,0.37,6.83,Loamy Soil
32.1,14.88,27.37,56.65,23.6,0.31,7.17,Loamy Soil
26.71,14.24,23.54,52.34,21,0.32,6.48,Loamy Soil
35.36,19.66,29.05,58.39,24.87,0.35,7.19,Loamy Soil
39.91,15.05,31.7,60.45,26.37,0.39,6.86,Loamy Soil
26.99,13.36,21.16,50.92,18.39,0.29,7.45,Loamy Soil
31.32,16.7,25.56,55.28,22.57,0.33,6.99,Loamy Soil
38.41,20.44,28.85,60.71,25.96,0.36,6.72,Loamy Soil
32.72,17.13,26.4,55.81,24.19,0.3,6.94,Loamy Soil
26.88,12.95,20.76,50.13,19.08,0.26,7.11,Loamy Soil
35.55,17.64,29.11,56.25,24.01,0.38,7.35,Loamy Soil
32.09,14.62,26.88,55.95,23.08,0.34,7.09,Loamy Soil
27.7,14.43,23.78,51.67,20.76,0.36,7.34,Loamy Soil
36.25,18.55,29.09,58.29,24.45,0.29,7.04,Loamy Soil
40.8,13.97,32.12,60.11,26.11,0.38,6.71,Loamy Soil
25.88,12.86,20.38,50.05,17.74,0.33,6.9,Loamy Soil
31.2,16.32,24.77,54.85,22.17,0.36,7.28,Loamy Soil
39.29,19.91,28.34,60.6,25.79,0.32,7.48,Loamy Soil
33.61,17.56,26.14,55.08,23.33,0.28,7.02,Loamy Soil
27.76,12.16,19.87,50.15,18.13,0.34,6.68,Loamy Soil
36.44,16.77,28.58,56.45,23.48,0.37,6.83,Loamy Soil
32.1,14.61,26.88,55.95,23.08,0.34,7.09,Loamy Soil
27.7,14.43,23.78,51.67,20.76,0.36,7.34,Loamy Soil
36.25,18.55,29.09,58.29,24.45,0.29,7.04,Loamy Soil
40.8,13.97,32.12,60.11,26.11,0.38,6.71,Loamy Soil
25.88,12.86,20.38,50.05,17.74,0.33,6.9,Loamy Soil
31.2,16.32,24.77,54.85,22.17,0.36,7.28,Loamy Soil
39.29,19.91,28.34,60.6,25.79,0.32,7.48,Loamy Soil
33.61,17.56,26.14,55.08,23.33,0.28,7.02,Loamy Soil
27.76,12.16,19.87,50.15,18.13,0.34,6.68,Loamy Soil
36.44,16.77,28.58,56.45,23.48,0.37,6.83,Loamy Soil
32.1,14.88,27.37,56.65,23.6,0.31,7.17,Loamy Soil
26.71,14.24,23.54,52.34,21,0.32,6.48,Loamy Soil
35.36,19.66,29.05,58.39,24.87,0.35,7.19,Loamy Soil
39.91,15.05,31.7,60.45,26.37,0.39,6.86,Loamy Soil
26.99,13.36,21.16,50.92,18.39,0.29,7.45,Loamy Soil
31.32,16.7,25.56,55.28,22.57,0.33,6.99,Loamy Soil
38.41,20.44,28.85,60.71,25.96,0.36,6.72,Loamy Soil
32.72,17.13,26.4,55.81,24.19,0.3,6.94,Loamy Soil
26.88,12.95,20.76,50.13,19.08,0.26,7.11,Loamy Soil
35.55,17.64,29.11,56.25,24.01,0.38,7.35,Loamy Soil
32.1,14.62,26.88,55.95,23.08,0.34,7.09,Loamy Soil
27.7,14.43,23.78,51.67,20.76,0.36,7.34,Loamy Soil
36.25,18.55,29.09,58.29,24.45,0.29,7.04,Loamy Soil
40.8,13.97,32.12,60.11,26.11,0.38,6.71,Loamy Soil
25.88,12.86,20.38,50.05,17.74,0.33,6.9,Loamy Soil
31.2,16.32,24.77,54.85,22.17,0.36,7.28,Loamy Soil
39.29,19.91,28.34,60.6,25.79,0.32,7.48,Loamy Soil
33.61,17.56,26.14,55.08,23.33,0.28,7.02,Loamy Soil
27.76,12.16,19.87,50.15,18.13,0.34,6.68,Loamy Soil
36.44,16.77,28.58,56.45,23.48,0.37,6.83,Loamy Soil
32.1,14.61,26.88,55.95,23.08,0.34,7.09,Loamy Soil
27.7,14.43,23.78,51.67,20.76,0.36,7.34,Loamy Soil
36.25,18.55,29.09,58.29,24.45,0.29,7.04,Loamy Soil
40.8,13.97,32.12,60.11,26.11,0.38,6.71,Loamy Soil
25.88,12.86,20.38,50.05,17.74,0.33,6.9,Loamy Soil
31.2,16.32,24.77,54.85,22.17,0.36,7.28,Loamy Soil
39.29,19.91,28.34,60.6,25.79,0.32,7.48,Loamy Soil
33.61,17.56,26.14,55.08,23.33,0.28,7.02,Loamy Soil
27.76,12.16,19.87,50.15,18.13,0.34,6.68,Loamy Soil
36.44,16.77,28.58,56.45,23.48,0.37,6.83,Loamy Soil
32.1,14.88,27.37,56.65,23.6,0.31,7.17,Loamy Soil
26.71,14.24,23.54,52.34,21,0.32,6.48,Loamy Soil
35.36,19.66,29.05,58.39,24.87,0.35,7.19,Loamy Soil
39.91,15.05,31.7,60.45,26.37,0.39,6.86,Loamy Soil
26.99,13.36,21.16,50.92,18.39,0.29,7.45,Loamy Soil
31.32,16.7,25.56,55.28,22.57,0.33,6.99,Loamy Soil
38.41,20.44,28.85,60.71,25.96,0.36,6.72,Loamy Soil
32.72,17.13,26.4,55.81,24.19,0.3,6.94,Loamy Soil
26.88,12.95,20.76,50.13,19.08,0.26,7.11,Loamy Soil
35.55,17.64,29.11,56.25,24.01,0.38,7.35,Loamy Soil
32.1,14.62,26.88,55.95,23.08,0.34,7.09,Loamy Soil
27.7,14.43,23.78,51.67,20.76,0.36,7.34,Loamy Soil
36.25,18.55,29.09,58.29,24.45,0.29,7.04,Loamy Soil
40.8,13.97,32.12,60.11,26.11,0.38,6.71,Loamy Soil
25.88,12.86,20.38,50.05,17.74,0.33,6.9,Loamy Soil
31.2,16.32,24.77,54.85,22.17,0.36,7.28,Loamy Soil
39.29,19.91,28.34,60.6,25.79,0.32,7.48,Loamy Soil
33.61,17.56,26.14,55.08,23.33,0.28,7.02,Loamy Soil
27.76,12.16,19.87,50.15,18.13,0.34,6.68,Loamy Soil
36.44,16.77,28.58,56.45,23.48,0.37,6.83,Loamy Soil
32.1,14.61,26.88,55.95,23.08,0.34,7.09,Loamy Soil
27.7,14.43,23.78,51.67,20.76,0.36,7.34,Loamy Soil
36.25,18.55,29.09,58.29,24.45,0.29,7.04,Loamy Soil
40.8,13.97,32.12,60.11,26.11,0.38,6.71,Loamy Soil
25.88,12.86,20.38,50.05,17.74,0.33,6.9,Loamy Soil
31.2,16.32,24.77,54.85,22.17,0.36,7.28,Loamy Soil
39.29,19.91,28.34,60.6,25.79,0.32,7.48,Loamy Soil
33.61,17.56,26.14,55.08,23.33,0.28,7.02,Loamy Soil
27.76,12.16,19.87,50.15,18.13,0.34,6.68,Loamy Soil
36.44,16.77,28.58,56.45,23.48,0.37,6.83,Loamy Soil
32.1,14.88,27.37,56.65,23.6,0.31,7.17,Loamy Soil
26.71,14.24,23.54,52.34,21,0.32,6.48,Loamy Soil
35.36,19.66,29.05,58.39,24.87,0.35,7.19,Loamy Soil
39.91,15.05,31.7,60.45,26.37,0.39,6.86,Loamy Soil
26.99,13.36,21.16,50.92,18.39,0.29,7.45,Loamy Soil
31.32,16.7,25.56,55.28,22.57,0.33,6.99,Loamy Soil
38.41,20.44,28.85,60.71,25.96,0.36,6.72,Loamy Soil
32.72,17.13,26.4,55.81,24.19,0.3,6.94,Loamy Soil
26.88,12.95,20.76,50.13,19.08,0.26,7.11,Loamy Soil
35.55,17.64,29.11,56.25,24.01,0.38,7.35,Loamy Soil
32.1,14.62,26.88,55.95,23.08,0.34,7.09,Loamy Soil
27.7,14.43,23.78,51.67,20.76,0.36,7.34,Loamy Soil
36.25,18.55,29.09,58.29,24.45,0.29,7.04,Loamy Soil
40.8,13.97,32.12,60.11,26.11,0.38,6.71,Loamy Soil
25.88,12.86,20.38,50.05,17.74,0.33,6.9,Loamy Soil
31.2,16.32,24.77,54.85,22.17,0.36,7.28,Loamy Soil
39.29,19.91,28.34,60.6,25.79,0.32,7.48,Loamy Soil
33.61,17.56,26.14,55.08,23.33,0.28,7.02,Loamy Soil
27.76,12.16,19.87,50.15,18.13,0.34,6.68,Loamy Soil
36.44,16.77,28.58,56.45,23.48,0.37,6.83,Loamy Soil
32.1,14.88,27.37,56.65,23.6,0.31,7.17,Loamy Soil
26.71,14.24,23.54,52.34,21,0.32,6.48,Loamy Soil
35.36,19.66,29.05,58.39,24.87,0.35,7.19,Loamy Soil
39.91,15.05,31.7,60.45,26.37,0.39,6.86,Loamy Soil
26.99,13.36,21.16,50.92,18.39,0.29,7.45,Loamy Soil
31.32,16.7,25.56,55.28,22.57,0.33,6.99,Loamy Soil
38.41,20.44,28.85,60.71,25.96,0.36,6.72,Loamy Soil
32.72,17.13,26.4,55.81,24.19,0.3,6.94,Loamy Soil
26.88,12.95,20.76,50.13,19.08,0.26,7.11,Loamy Soil
35.55,17.64,29.11,56.25,24.01,0.38,7.35,Loamy Soil
32.1,14.62,26.88,55.95,23.08,0.34,7.09,Loamy Soil
27.7,14.43,23.78,51.67,20.76,0.36,7.34,Loamy Soil
36.25,18.55,29.09,58.29,24.45,0.29,7.04,Loamy Soil
40.8,13.97,32.12,60.11,26.11,0.38,6.71,Loamy Soil
25.88,12.86,20.38,50.05,17.74,0.33,6.9,Loamy Soil
31.2,16.32,24.77,54.85,22.17,0.36,7.28,Loamy Soil
39.29,19.91,28.34,60.6,25.79,0.32,7.48,Loamy Soil
33.61,17.56,26.14,55.08,23.33,0.28,7.02,Loamy Soil
27.76,12.16,19.87,50.15,18.13,0.34,6.68,Loamy Soil
36.44,16.77,28.58,56.45,23.48,0.37,6.83,Loamy Soil
32.1,14.61,26.88,55.95,23.08,0.34,7.09,Loamy Soil
27.7,14.43,23.78,51.67,20.76,0.36,7.34,Loamy Soil
36.25,18.55,29.09,58.29,24.45,0.29,7.04,Loamy Soil
40.8,13.97,32.12,60.11,26.11,0.38,6.71,Loamy Soil
25.88,12.86,20.38,50.05,17.74,0.33,6.9,Loamy Soil
31.2,16.32,24.77,54.85,22.17,0.36,7.28,Loamy Soil
39.29,19.91,28.34,60.6,25.79,0.32,7.48,Loamy Soil
33.61,17.56,26.14,55.08,23.33,0.28,7.02,Loamy Soil
27.76,12.16,19.87,50.15,18.13,0.34,6.68,Loamy Soil
36.44,16.77,28.58,56.45,23.48,0.37,6.83,Loamy Soil
32.1,14.88,27.37,56.65,23.6,0.31,7.17,Loamy Soil
26.71,14.24,23.54,52.34,21,0.32,6.48,Loamy Soil
35.36,19.66,29.05,58.39,24.87,0.35,7.19,Loamy Soil
39.91,15.05,31.7,60.45,26.37,0.39,6.86,Loamy Soil
26.99,13.36,21.16,50.92,18.39,0.29,7.45,Loamy Soil
31.32,16.7,25.56,55.28,22.57,0.33,6.99,Loamy Soil
38.41,20.44,28.85,60.71,25.96,0.36,6.72,Loamy Soil
32.72,17.13,26.4,55.81,24.19,0.3,6.94,Loamy Soil
26.88,12.95,20.76,50.13,19.08,0.26,7.11,Loamy Soil
35.55,17.64,29.11,56.25,24.01,0.38,7.35,Loamy Soil
32.1,14.62,26.88,55.95,23.08,0.34,7.09,Loamy Soil
27.7,14.43,23.78,51.67,20.76,0.36,7.34,Loamy Soil
36.25,18.55,29.09,58.29,24.45,0.29,7.04,Loamy Soil
40.8,13.97,32.12,60.11,26.11,0.38,6.71,Loamy Soil
25.88,12.86,20.38,50.05,17.74,0.33,6.9,Loamy Soil
31.2,16.32,24.77,54.85,22.17,0.36,7.28,Loamy Soil
39.29,19.91,28.34,60.6,25.79,0.32,7.48,Loamy Soil
33.61,17.56,26.14,55.08,23.33,0.28,7.02,Loamy Soil
27.76,12.16,19.87,50.15,18.13,0.34,6.68,Loamy Soil
36.44,16.77,28.58,56.45,23.48,0.37,6.83,Loamy Soil
32.1,14.88,27.37,56.65,23.6,0.31,7.17,Loamy Soil
26.71,14.24,23.54,52.34,21,0.32,6.48,Loamy Soil
35.36,19.66,29.05,58.39,24.87,0.35,7.19,Loamy Soil
39.91,15.05,31.7,60.45,26.37,0.39,6.86,Loamy Soil
26.99,13.36,21.16,50.92,18.39,0.29,7.45,Loamy Soil
31.32,16.7,25.56,55.28,22.57,0.33,6.99,Loamy Soil
38.41,20.44,28.85,60.71,25.96,0.36,6.72,Loamy Soil
32.72,17.13,26.4,55.81,24.19,0.3,6.94,Loamy Soil
26.88,12.95,20.76,50.13,19.08,0.26,7.11,Loamy Soil
35.55,17.64,29.11,56.25,24.01,0.38,7.35,Loamy Soil
32.1,14.62,26.88,55.95,23.08,0.34,7.09,Loamy Soil
27.7,14.43,23.78,51.67,20.76,0.36,7.34,Loamy Soil
36.25,18.55,29.09,58.29,24.45,0.29,7.04,Loamy Soil
40.8,13.97,32.12,60.11,26.11,0.38,6.71,Loamy Soil
25.88,12.86,20.38,50.05,17.74,0.33,6.9,Loamy Soil
31.2,16.32,24.77,54.85,22.17,0.36,7.28,Loamy Soil
39.29,19.91,28.34,60.6,25.79,0.32,7.48,Loamy Soil
33.61,17.56,26.14,55.08,23.33,0.28,7.02,Loamy Soil
27.76,12.16,19.87,50.15,18.13,0.34,6.68,Loamy Soil
36.44,16.77,28.58,56.45,23.48,0.37,6.83,Loamy Soil
32.1,14.61,26.88,55.95,23.08,0.34,7.09,Loamy Soil
27.7,14.43,23.78,51.67,20.76,0.36,7.34,Loamy Soil
36.25,18.55,29.09,58.29,24.45,0.29,7.04,Loamy Soil
40.8,13.97,32.12,60.11,26.11,0.38,6.71,Loamy Soil
25.88,12.86,20.38,50.05,17.74,0.33,6.9,Loamy Soil
31.2,16.32,24.77,54.85,22.17,0.36,7.28,Loamy Soil
39.29,19.91,28.34,60.6,25.79,0.32,7.48,Loamy Soil
33.61,17.56,26.14,55.08,23.33,0.28,7.02,Loamy Soil
27.76,12.16,19.87,50.15,18.13,0.34,6.68,Loamy Soil
36.44,16.77,28.58,56.45,23.48,0.37,6.83,Loamy Soil
32.1,14.88,27.37,56.65,23.6,0.31,7.17,Loamy Soil
26.71,14.24,23.54,52.34,21,0.32,6.48,Loamy Soil
35.36,19.66,29.05,58.39,24.87,0.35,7.19,Loamy Soil
39.91,15.05,31.7,60.45,26.37,0.39,6.86,Loamy Soil
26.99,13.36,21.16,50.92,18.39,0.29,7.45,Loamy Soil
31.32,16.7,25.56,55.28,22.57,0.33,6.99,Loamy Soil
38.41,20.44,28.85,60.71,25.96,0.36,6.72,Loamy Soil
32.72,17.13,26.4,55.81,24.19,0.3,6.94,Loamy Soil
26.88,12.95,20.76,50.13,19.08,0.26,7.11,Loamy Soil
35.55,17.64,29.11,56.25,24.01,0.38,7.35,Loamy Soil
32.1,14.62,26.88,55.95,23.08,0.34,7.09,Loamy Soil
27.7,14.43,23.78,51.67,20.76,0.36,7.34,Loamy Soil
36.25,18.55,29.09,58.29,24.45,0.29,7.04,Loamy Soil
40.8,13.97,32.12,60.11,26.11,0.38,6.71,Loamy Soil
25.88,12.86,20.38,50.05,17.74,0.33,6.9,Loamy Soil
31.2,16.32,24.77,54.85,22.17,0.36,7.28,Loamy Soil
39.29,19.91,28.34,60.6,25.79,0.32,7.48,Loamy Soil
33.61,17.56,26.14,55.08,23.33,0.28,7.02,Loamy Soil
27.76,12.16,19.87,50.15,18.13,0.34,6.68,Loamy Soil
36.44,16.77,28.58,56.45,23.48,0.37,6.83,Loamy Soil
32.1,14.88,27.37,56.65,23.6,0.31,7.17,Loamy Soil
26.71,14.24,23.54,52.34,21,0.32,6.48,Loamy Soil
35.36,19.66,29.05,58.39,24.87,0.35,7.19,Loamy Soil
39.91,15.05,31.7,60.45,26.37,0.39,6.86,Loamy Soil
26.99,13.36,21.16,50.92,18.39,0.29,7.45,Loamy Soil
31.32,16.7,25.56,55.28,22.57,0.33,6.99,Loamy Soil
38.41,20.44,28.85,60.71,25.96,0.36,6.72,Loamy Soil
32.72,17.13,26.4,55.81,24.19,0.3,6.94,Loamy Soil
26.88,12.95,20.76,50.13,19.08,0.26,7.11,Loamy Soil
35.55,17.64,29.11,56.25,24.01,0.38,7.35,Loamy Soil
32.1,14.62,26.88,55.95,23.08,0.34,7.09,Loamy Soil
27.7,14.43,23.78,51.67,20.76,0.36,7.34,Loamy Soil
36.25,18.55,29.09,58.29,24.45,0.29,7.04,Loamy Soil
40.8,13.97,32.12,60.11,26.11,0.38,6.71,Loamy Soil
25.88,12.86,20.38,50.05,17.74,0.33,6.9,Loamy Soil
31.2,16.32,24.77,54.85,22.17,0.36,7.28,Loamy Soil
39.29,19.91,28.34,60.6,25.79,0.32,7.48,Loamy Soil
33.61,17.56,26.14,55.08,23.33,0.28,7.02,Loamy Soil
27.76,12.16,19.87,50.15,18.13,0.34,6.68,Loamy Soil
36.44,16.77,28.58,56.45,23.48,0.37,6.83,Loamy Soil
32.1,14.61,26.88,55.95,23.08,0.34,7.09,Loamy Soil
27.7,14.43,23.78,51.67,20.76,0.36,7.34,Loamy Soil
36.25,18.55,29.09,58.29,24.45,0.29,7.04,Loamy Soil
40.8,13.97,32.12,60.11,26.11,0.38,6.71,Loamy Soil
25.88,12.86,20.38,50.05,17.74,0.33,6.9,Loamy Soil
31.2,16.32,24.77,54.85,22.17,0.36,7.28,Loamy Soil
39.29,19.91,28.34,60.6,25.79,0.32,7.48,Loamy Soil
33.61,17.56,26.14,55.08,23.33,0.28,7.02,Loamy Soil
27.76,12.16,19.87,50.15,18.13,0.34,6.68,Loamy Soil
36.44,16.77,28.58,56.45,23.48,0.37,6.83,Loamy Soil
32.1,14.88,27.37,56.65,23.6,0.31,7.17,Loamy Soil
26.71,14.24,23.54,52.34,21,0.32,6.48,Loamy Soil
35.36,19.66,29.05,58.39,24.87,0.35,7.19,Loamy Soil
39.91,15.05,31.7,60.45,26.37,0.39,6.86,Loamy Soil
26.99,13.36,21.16,50.92,18.39,0.29,7.45,Loamy Soil
31.32,16.7,25.56,55.28,22.57,0.33,6.99,Loamy Soil
38.41,20.44,28.85,60.71,25.96,0.36,6.72,Loamy Soil
32.72,17.13,26.4,55.81,24.19,0.3,6.94,Loamy Soil
26.88,12.95,20.76,50.13,19.08,0.26,7.11,Loamy Soil
35.55,17.64,29.11,56.25,24.01,0.38,7.35,Loamy Soil
32.1,14.62,26.88,55.95,23.08,0.34,7.09,Loamy Soil
27.7,14.43,23.78,51.67,20.76,0.36,7.34,Loamy Soil
36.25,18.55,29.09,58.29,24.45,0.29,7.04,Loamy Soil
40.8,13.97,32.12,60.11,26.11,0.38,6.71,Loamy Soil
25.88,12.86,20.38,50.05,17.74,0.33,6.9,Loamy Soil
31.2,16.32,24.77,54.85,22.17,0.36,7.28,Loamy Soil
39.29,19.91,28.34,60.6,25.79,0.32,7.48,Loamy Soil
33.61,17.56,26.14,55.08,23.33,0.28,7.02,Loamy Soil
27.76,12.16,19.87,50.15,18.13,0.34,6.68,Loamy Soil
36.44,16.77,28.58,56.45,23.48,0.37,6.83,Loamy Soil
32.1,14.88,27.37,56.65,23.6,0.31,7.17,Loamy Soil
26.71,14.24,23.54,52.34,21,0.32,6.48,Loamy Soil
35.36,19.66,29.05,58.39,24.87,0.35,7.19,Loamy Soil
39.91,15.05,31.7,60.45,26.37,0.39,6.86,Loamy Soil
26.99,13.36,21.16,50.92,18.39,0.29,7.45,Loamy Soil
31.32,16.7,25.56,55.28,22.57,0.33,6.99,Loamy Soil
38.41,20.44,28.85,60.71,25.96,0.36,6.72,Loamy Soil
32.72,17.13,26.4,55.81,24.19,0.3,6.94,Loamy Soil
26.88,12.95,20.76,50.13,19.08,0.26,7.11,Loamy Soil
35.55,17.64,29.11,56.25,24.01,0.38,7.35,Loamy Soil
32.1,14.62,26.88,55.95,23.08,0.34,7.09,Loamy Soil
27.7,14.43,23.78,51.67,20.76,0.36,7.34,Loamy Soil
36.25,18.55,29.09,58.29,24.45,0.29,7.04,Loamy Soil
40.8,13.97,32.12,60.11,26.11,0.38,6.71,Loamy Soil
25.88,12.86,20.38,50.05,17.74,0.33,6.9,Loamy Soil
31.2,16.32,24.77,54.85,22.17,0.36,7.28,Loamy Soil
39.29,19.91,28.34,60.6,25.79,0.32,7.48,Loamy Soil
33.61,17.56,26.14,55.08,23.33,0.28,7.02,Loamy Soil
27.76,12.16,19.87,50.15,18.13,0.34,6.68,Loamy Soil
36.44,16.77,28.58,56.45,23.48,0.37,6.83,Loamy Soil
35.88,19.45,30.45,53.12,16.77,0.29,7.31,Loamy Soil
46,17,45,80,40,0.5,6.7,Alluvial Soil
17,12,15,60,20,0.2,7.5,Alluvial Soil
45.2,16.5,45.8,79.5,39.5,0.48,6.6,Alluvial Soil
46.8,17.2,45.5,79.9,40.2,0.52,6.6,Alluvial Soil
45.5,16.8,45.5,70.5,39.8,0.47,6.9,Alluvial Soil
45,16.2,45,79.7,39.2,0.48,6.7,Alluvial Soil
18,12.2,15.8,61,20.5,0.22,7.5,Alluvial Soil
17.5,12.5,15.8,60.5,20.3,0.07,7.6,Alluvial Soil
17.2,12.4,15.5,60.7,20,0.08,7.4,Alluvial Soil
17.8,12.7,15.9,61.5,20.7,0.08,7.7,Alluvial Soil
46.2,16.9,45.2,70.2,40.3,0.53,6.5,Alluvial Soil
45.7,17.5,45.5,79.7,39.6,0.5,6.6,Alluvial Soil
44.9,16.7,44.9,79.3,39.1,0.47,7,Alluvial Soil
19,12.4,18.2,61.2,20.8,0.23,7.2,Alluvial Soil
18.5,12.3,15,61.7,18,0.2,7.4,Alluvial Soil
17.6,12.8,15.5,61.2,20.4,0.24,7.1,Alluvial Soil
44.8,16.6,44.8,79,39,0.46,6.9,Alluvial Soil
46.5,17.3,45.4,79.6,40,0.54,6.4,Alluvial Soil
45.4,17.1,45.4,70,39.9,0.5,6.7,Alluvial Soil
19.2,12.6,18,60.6,20.2,0.25,7.5,Alluvial Soil
19.3,12.8,15.3,61.1,20.6,0.26,7.1,Alluvial Soil
44.7,16.5,44.5,77.9,38.8,0.45,6.6,Alluvial Soil
46.3,17.4,45.3,79.7,39.7,0.55,6.5,Alluvial Soil
45.3,17,45.3,70.1,39.5,0.5,6.6,Alluvial Soil
19.5,12.9,15.5,60.9,20.3,0.27,7,Alluvial Soil
18.8,12.7,15.8,61.3,20.7,0.25,7.2,Alluvial Soil
44.6,16.4,44.5,77.7,38.6,0.44,6.7,Alluvial Soil
46.4,17.5,45.2,79.9,39.6,0.56,6.2,Alluvial Soil
45.5,17.1,45.5,70.2,39.4,0.52,6.5,Alluvial Soil
19.7,13,15.5,61.5,20.8,0.28,7.4,Alluvial Soil
19.8,13.1,15.8,61.7,20.9,0.27,7.5,Alluvial Soil
44.5,16.3,44.5,77.5,38.4,0.43,6.9,Alluvial Soil
46.5,17.6,45,70.3,39.8,0.57,6.1,Alluvial Soil
45.7,17.2,45.5,70.5,39.6,0.53,6.4,Alluvial Soil
20,13.2,18,62,18,0.3,7.7,Alluvial Soil
19.9,13.1,15.9,61.9,20.9,0.3,7.6,Alluvial Soil
44.4,16.2,44.4,77.2,38.2,0.42,6.6,Alluvial Soil
46.6,17.7,44.8,70.4,39.9,0.58,6,Alluvial Soil
45.9,17.3,45.9,70.6,39.7,0.54,6.5,Alluvial Soil
20.2,13.3,18.2,62.2,18.2,0.32,6.9,Alluvial Soil
20.3,13.4,18.3,62.3,18.3,0.33,6,Alluvial Soil
44.3,16.1,44.3,77,38,0.4,6.4,Alluvial Soil
46.7,17.8,44.5,70.7,40,0.57,6.1,Alluvial Soil
46,17.4,45,70.7,40.2,0.55,6.5,Alluvial Soil
20.5,13.5,18.5,62.5,18.5,0.34,6.2,Alluvial Soil
20.4,13.4,18.4,62.4,18.4,0.35,6.5,Alluvial Soil
44.2,16,44.2,77.7,37.8,0.4,6.7,Alluvial Soil
46.8,17.9,44.4,70.9,40.1,0.6,6.6,Alluvial Soil
46.1,17.5,45.1,71,40.3,0.56,6.6,Alluvial Soil
20.7,13.6,18.5,62.7,18.7,0.36,6.7,Alluvial Soil
20.8,13.7,18.8,62.7,18.8,0.37,6.9,Alluvial Soil
44.1,15.9,44.1,77.6,37.6,0.37,6.1,Alluvial Soil
46.9,18,44.2,71.1,40.4,0.6,6.2,Alluvial Soil
46.2,17.6,45.2,71.2,40.5,0.57,6.4,Alluvial Soil
20.9,13.8,18.9,62.9,18.9,0.38,6.6,Alluvial Soil
20.6,13.6,18.5,62.6,18.6,0.36,6.6,Alluvial Soil
43.9,15.8,43.9,77.4,37.4,0.38,6,Alluvial Soil
47,18.1,44,71.3,40.6,0.62,6.1,Alluvial Soil
46.3,17.7,45.3,71.4,40.7,0.58,6.5,Alluvial Soil
18,13.9,19,63,22,0.37,6.5,Alluvial Soil
18.1,14,19.1,63.1,22.1,0.4,6.7,Alluvial Soil
43.8,15.7,43.8,77.2,37.2,0.37,6.5,Alluvial Soil
47.1,18.2,43.8,71.5,40.8,0.63,6.4,Alluvial Soil
46.4,17.8,45.4,71.6,40.9,0.57,6.6,Alluvial Soil
18.2,14.1,19.2,63.2,22.2,0.4,6.6,Alluvial Soil
20.8,13.9,18.8,62.7,18.8,0.38,6.5,Alluvial Soil
43.7,15.6,43.5,77,37,0.36,6.2,Alluvial Soil
47.2,18.3,43.5,71.7,41,0.64,6.5,Alluvial Soil
46.5,17.9,45.5,71.7,41.1,0.6,6.7,Alluvial Soil
18.3,14.2,19.3,63.3,22.3,0.42,6.9,Alluvial Soil
18.4,14.3,19.4,63.4,22.4,0.43,6.6,Alluvial Soil
43.6,15.5,43.5,76.7,36.8,0.35,6.4,Alluvial Soil
47.3,18.4,43.4,71.9,41.2,0.65,6.5,Alluvial Soil
46.6,18,45.5,72,41.3,0.6,6.7,Alluvial Soil
18.5,14.4,19.5,63.5,22.5,0.44,6.6,Alluvial Soil
18,14,19,63,22,0.37,6.5,Alluvial Soil
43.5,15.4,43.5,76.6,36.6,0.34,6.5,Alluvial Soil
47.4,18.5,43.2,72.1,41.4,0.66,6.4,Alluvial Soil
46.7,18.1,45.5,72.2,41.5,0.62,6.6,Alluvial Soil
18.6,14.5,19.5,63.6,22.6,0.45,6.9,Alluvial Soil
43.4,15.3,43.4,76.4,36.4,0.33,6.2,Alluvial Soil
47.5,18.6,43,72.3,41.6,0.67,6.5,Alluvial Soil
46.8,18.2,45.8,72.4,41.7,0.63,6.5,Alluvial Soil
18.7,14.6,19.5,63.7,22.7,0.46,7,Alluvial Soil
18.2,14.2,19.2,63.2,22.2,0.4,6.6,Alluvial Soil
43.3,15.2,43.3,76.2,36.2,0.32,6.1,Alluvial Soil
47.6,18.7,42.8,72.5,41.8,0.68,6.2,Alluvial Soil
46.9,18.3,45.9,72.6,41.9,0.64,6.4,Alluvial Soil
18.8,14.7,19.8,63.7,22.8,0.47,7.1,Alluvial Soil
43.2,15.1,43.2,76,36,0.3,6,Alluvial Soil
47.7,18.8,42.5,72.7,42,0.67,6.1,Alluvial Soil
47.7,18.8,42.5,72.7,42,0.67,6.1,Alluvial Soil
18.9,14.8,19.9,63.9,22.9,0.48,7.2,Alluvial Soil
43.1,15,43.1,75.7,35.8,0.3,5.9,Alluvial Soil
47.8,18.9,42.4,72.7,42.1,0.7,6,Alluvial Soil
47,18.4,45,72.9,42.2,0.66,6.2,Alluvial Soil
22,14.9,20,64,23,0.47,7.5,Alluvial Soil
43,14.9,43,75.6,35.6,0.27,5.6,Alluvial Soil
47.9,19,42.2,72.9,42.3,0.7,6,Alluvial Soil
47.1,18.5,45.1,73,42.4,0.67,6.2,Alluvial Soil
22.1,15,20.1,64.1,23.1,0.5,7.4,Alluvial Soil
42.9,14.8,42.9,75.4,35.4,0.28,5.7,Alluvial Soil
48,19.1,42,73.1,42.5,0.72,6.1,Alluvial Soil
47.2,18.6,45.2,73.2,42.6,0.68,6.2,Alluvial Soil
22.2,15.1,20.2,64.2,23.2,0.5,7.5,Alluvial Soil
42.8,14.7,42.8,75.2,35.2,0.27,5.6,Alluvial Soil
48.1,19.2,41.8,73.3,42.7,0.73,6,Alluvial Soil
47.3,18.7,45.3,73.4,42.8,0.67,6.2,Alluvial Soil
22.3,15.2,20.3,64.3,23.3,0.52,7.6,Alluvial Soil
42.7,14.6,42.5,75,35,0.26,5.5,Alluvial Soil
48.2,19.3,41.5,73.5,42.9,0.74,6.1,Alluvial Soil
47.4,18.8,45.4,73.6,43,0.7,6.2,Alluvial Soil
47.4,18.8,45.4,73.6,43,0.7,6.2,Alluvial Soil
22.4,15.3,20.4,64.4,23.4,0.53,6.7,Alluvial Soil
42.6,14.5,42.5,74.7,34.8,0.25,5.4,Alluvial Soil
48.3,19.4,41.4,73.7,43.1,0.75,6.1,Alluvial Soil
47.5,18.9,45.5,73.7,43.2,0.7,6.2,Alluvial Soil
22.5,15.4,20.5,64.5,23.5,0.54,7.6,Alluvial Soil
42.5,14.4,42.5,74.6,34.6,0.24,5.5,Alluvial Soil
48.4,19.5,41.2,73.7,43.3,0.76,6,Alluvial Soil
47.6,19,45.5,73.9,43.4,0.72,6.2,Alluvial Soil
22.6,15.5,20.5,64.6,23.6,0.55,7.9,Alluvial Soil
42.4,14.3,42.4,74.4,34.4,0.23,5.2,Alluvial Soil
48.5,19.6,41,73.9,43.5,0.77,6.1,Alluvial Soil
47.7,19.1,45.5,74,43.6,0.73,6.2,Alluvial Soil
22.7,15.6,20.5,64.7,23.7,0.56,6,Alluvial Soil
42.3,14.2,42.3,74.2,34.2,0.22,5.1,Alluvial Soil
48.6,19.7,40.8,74,43.7,0.58,6,Alluvial Soil
47.8,19.2,45.8,74.1,43.8,0.54,6.2,Alluvial Soil
22.8,15.7,20.8,64.7,23.8,0.57,6.1,Alluvial Soil
42.2,14.1,42.2,74,34,0.08,5,Alluvial Soil
48.7,19.8,40.5,74.1,43.9,0.57,6.1,Alluvial Soil
47.9,19.3,45.9,74.2,44,0.57,6.2,Alluvial Soil
22.9,15.8,20.9,64.9,23.9,0.58,6.2,Alluvial Soil
42.1,14,42.1,73.7,33.8,0.2,4.9,Alluvial Soil
48.8,19.9,40.4,74.2,44.1,0.5,6,Alluvial Soil
48,19.4,48,74.3,44.2,0.76,6.2,Alluvial Soil
23,15.9,18,65,24,0.57,6.5,Alluvial Soil
42,13.9,42,73.6,33.6,0.07,4.6,Alluvial Soil
48.9,20,40.2,74.3,44.3,0.5,6.1,Alluvial Soil
48.1,19.5,48.1,74.4,44.4,0.77,6.2,Alluvial Soil
48.1,19.5,48.1,74.4,44.4,0.77,6.2,Alluvial Soil
23.1,16,18.1,65.1,24.1,0.6,6.4,Alluvial Soil
41.9,13.8,41.9,73.4,33.4,0.08,4.7,Alluvial Soil
49,20.1,40,74.5,44.5,0.62,6.1,Alluvial Soil
48.2,19.6,48.2,74.6,44.6,0.78,6.2,Alluvial Soil
23.2,16.1,18.2,65.2,24.2,0.6,6.5,Alluvial Soil
41.8,13.7,41.8,73.2,33.2,0.07,5.6,Alluvial Soil
49.1,20.2,39.8,74.6,44.7,0.53,6,Alluvial Soil
48.3,19.7,48.3,74.7,44.8,0.77,6.2,Alluvial Soil
23.3,16.2,18.3,65.3,24.3,0.62,6.6,Alluvial Soil
41.7,13.6,41.5,73,33,0.06,4.5,Alluvial Soil
49.2,20.3,39.5,74.7,44.9,0.54,6.1,Alluvial Soil
48.4,19.8,48.4,74.7,43,0.5,6.2,Alluvial Soil
23.4,16.3,18.4,65.4,24.4,0.63,6.7,Alluvial Soil
41.6,13.5,41.5,72.7,32.8,0.2,4.4,Alluvial Soil
49.3,20.4,39.4,74.7,43.1,0.55,6,Alluvial Soil
48.5,19.9,48.5,74.9,43.2,0.5,6.2,Alluvial Soil
23.5,16.4,18.5,65.5,24.5,0.64,6.6,Alluvial Soil
41.5,13.4,41.5,72.6,32.6,0.04,4.5,Alluvial Soil
49.4,20.5,39.2,74.9,43.3,0.56,6.1,Alluvial Soil
48.6,20,48.5,75,43.4,0.52,6.2,Alluvial Soil
23.6,16.5,18.5,65.6,24.6,0.65,6.9,Alluvial Soil
41.4,13.3,41.4,72.4,32.4,0.2,4.2,Alluvial Soil
49.5,20.6,39,75,43.5,0.57,6,Alluvial Soil
48.7,20.1,48.5,75.1,43.6,0.53,6.2,Alluvial Soil
23.7,16.6,18.5,65.7,24.7,0.66,9,Alluvial Soil
41.3,13.2,41.3,72.2,32.2,0.02,4.1,Alluvial Soil
49.6,20.7,38.8,75.1,43.7,0.58,6.1,Alluvial Soil
48.8,20.2,48.8,75.2,43.8,0.54,6.2,Alluvial Soil
48.8,20.2,48.8,75.2,43.8,0.54,6.2,Alluvial Soil
23.8,16.7,18.8,65.7,24.8,0.67,7.1,Alluvial Soil
41.2,13.1,41.2,72,32,0.02,4,Alluvial Soil
49.7,20.8,38.5,75.2,43.9,0.57,6.1,Alluvial Soil
48.9,20.3,48.9,75.3,46,0.55,6.2,Alluvial Soil
23.9,16.8,18.9,65.9,24.9,0.68,9.2,Alluvial Soil
41.1,13,41.1,71.7,31.8,0.26,5.9,Alluvial Soil
49.8,20.9,38.4,75.3,46,0.5,6,Alluvial Soil
49,20.4,49,75.4,46.1,0.56,6.2,Alluvial Soil
24,16.9,22,66,25,0.67,9.5,Alluvial Soil
41,12.9,41,71.6,31.6,0.07,5.6,Alluvial Soil
49.9,18,38.2,75.4,46.2,0.7,6.1,Alluvial Soil
49.1,20.5,49.1,75.5,46.3,0.57,6.2,Alluvial Soil
24.1,17,22.1,66.1,25.1,0.7,6.4,Alluvial Soil
40.9,12.8,40.9,71.4,31.4,0.08,5.7,Alluvial Soil
48,18.1,38,75.5,46.4,0.72,6,Alluvial Soil
49.2,20.6,49.2,75.6,46.5,0.58,6.2,Alluvial Soil
24.2,17.1,22.2,66.2,25.2,0.7,9.5,Alluvial Soil
40.8,12.7,40.8,71.2,31.2,0.07,5.6,Alluvial Soil
48.1,18.2,35.8,75.6,46.6,0.73,6.1,Alluvial Soil
49.3,20.7,49.3,75.7,46.7,0.57,6.2,Alluvial Soil
24.3,17.2,22.3,66.3,25.3,0.72,6.6,Alluvial Soil
40.7,12.6,40.5,71,31,0.06,5.5,Alluvial Soil
48.2,18.3,35.5,75.7,46.8,0.74,6,Alluvial Soil
49.4,20.8,49.4,75.7,46.9,0.7,6.2,Alluvial Soil
24.4,17.3,22.4,66.4,25.4,0.73,6.7,Alluvial Soil
40.6,12.5,40.5,70.7,30.8,0.2,5.4,Alluvial Soil
48.3,18.4,35.4,75.7,42,0.75,6.1,Alluvial Soil
49.5,20.9,49.5,75.9,42.1,0.7,6.2,Alluvial Soil
24.5,17.4,22.5,66.5,25.5,0.74,9.8,Alluvial Soil
40.5,12.4,40.5,70.6,30.6,0.04,5.5,Alluvial Soil
48.4,18.5,35.2,75.9,42.2,0.76,6.1,Alluvial Soil
49.6,18,49.5,76,42.3,0.72,6.2,Alluvial Soil
24.6,17.5,22.5,66.6,25.6,0.75,9.9,Alluvial Soil
40.4,12.3,40.4,70.4,30.4,0.28,5.2,Alluvial Soil
48.5,18.6,35,76,42.4,0.77,6,Alluvial Soil
49.7,18.1,49.5,76.1,42.5,0.73,6.2,Alluvial Soil
24.7,17.6,22.5,66.7,25.7,0.76,6,Alluvial Soil
40.3,12.2,40.3,70.2,30.2,0.02,5.1,Alluvial Soil
48.6,18.7,35.8,76.1,42.6,0.78,6.1,Alluvial Soil
49.8,18.2,49.8,76.2,42.7,0.74,6.2,Alluvial Soil
24.8,17.7,22.8,66.7,25.8,0.77,5.1,Alluvial Soil
40.2,12.1,40.2,70,30,0.37,5.5,Alluvial Soil
48.7,18.8,35.5,76.2,42.8,0.77,6,Alluvial Soil
49.9,18.3,49.9,76.3,42.9,0.75,6.2,Alluvial Soil
24.9,17.8,22.9,66.9,25.9,0.78,6.2,Alluvial Soil
40.1,12,40.1,69.7,29.8,0.44,2.9,Alluvial Soil
48.8,18.9,35.4,76.3,38,0.46,6.1,Alluvial Soil
48,18.4,50,76.4,38.1,0.76,6.2,Alluvial Soil
25,17.9,23,67,26,0.77,6.5,Alluvial Soil
40,12.9,40,69.6,29.6,0.2,2.8,Alluvial Soil
40.9,19,35.2,76.4,38.2,0.24,6,Alluvial Soil
40.1,18.5,50.1,76.5,38.3,0.77,6.2,Alluvial Soil
25.1,18,23.1,67.1,26.1,0.8,6.4,Alluvial Soil
39.9,12.8,39.9,69.4,29.4,0.02,2.7,Alluvial Soil
46,19.1,35,76.5,38.4,0.02,6.1,Alluvial Soil
40.2,18.6,50.2,76.6,38.5,0.78,6.2,Alluvial Soil
25.2,18.1,23.2,67.2,26.2,0.8,6.5,Alluvial Soil
39.8,12.7,39.8,69.2,29.2,0.2,6.6,Alluvial Soil
46.1,19.2,35.8,86.6,38.6,0.2,6,Alluvial Soil
48.3,18.7,50.3,86.7,38.7,0.77,6.2,Alluvial Soil
25.3,18.2,23.3,67.3,26.3,0.82,6.6,Alluvial Soil
39.7,12.6,39.5,69,29,0.04,2.5,Alluvial Soil
46.2,19.3,35.5,86.7,38.8,0.04,6.1,Alluvial Soil
48.4,18.8,50.4,86.8,38.9,0.44,6.2,Alluvial Soil
25.4,18.3,23.4,67.4,26.4,0.83,6.7,Alluvial Soil
39.6,12.5,39.5,68.8,28.8,0.2,2.4,Alluvial Soil
46.3,19.4,35.4,86.8,39,0.2,6,Alluvial Soil
48.5,18.9,50.5,86.9,39.1,0.34,6.2,Alluvial Soil
25.5,18.4,23.5,67.5,26.5,0.84,6.8,Alluvial Soil
39.5,12.4,39.5,68.6,28.6,0.26,2.5,Alluvial Soil
41.4,19.5,35.2,86.9,39.2,0.26,6.1,Alluvial Soil
40.6,19,50.5,87,39.3,0.22,6.2,Alluvial Soil
25.6,18.5,23.5,67.6,26.6,0.85,6.9,Alluvial Soil
39.4,12.3,39.4,68.4,28.4,0.07,2.2,Alluvial Soil
46.5,19.6,35,87,39.4,0.07,6,Alluvial Soil
48.7,19.1,50.5,87.1,39.5,0.24,6.2,Alluvial Soil
25.7,18.6,23.5,67.7,26.7,0.86,12,Alluvial Soil
39.3,12.2,39.3,68.2,28.2,0.28,2.1,Alluvial Soil
46.6,19.7,34.8,87.1,39.6,0.28,6.1,Alluvial Soil
48.8,19.2,50.8,87.2,39.7,0.04,6.2,Alluvial Soil
25.8,18.7,23.8,67.8,26.8,0.77,6.1,Alluvial Soil
39.2,12.1,39.2,68,28,0.7,2,Alluvial Soil
46.7,19.8,34.5,87.2,39.8,0.7,6,Alluvial Soil
40.9,19.3,50.9,87.3,39.9,0.2,6.2,Alluvial Soil
40.5,16,38,70.5,26.5,0.45,6.5,Alluvial Soil
18,12.5,18,55,20,0.25,5.8,Alluvial Soil
44,13,44,65,23,0.35,6,Alluvial Soil
32,15,32,60,25,0.3,6.2,Alluvial Soil
20,14,20,52,21,0.22,5.7,Alluvial Soil
42,13.5,42,75,27,0.4,6.1,Alluvial Soil
35,15.5,35,55.5,29,0.27,6.6,Alluvial Soil
19.5,12,19.5,58,22,0.23,6,Alluvial Soil
38,16.5,38,67,28,0.32,6.4,Alluvial Soil
21,14.5,21,52.5,24,0.28,6.8,Alluvial Soil
43,13.3,43,73,26,0.38,6.2,Alluvial Soil
33,15.3,33,56,22,0.26,6,Alluvial Soil
22,14.3,22,51,23.5,0.24,6.5,Alluvial Soil
39.5,16,39.5,78,27,0.33,6.1,Alluvial Soil
24,13.7,24,54,25,0.22,5.7,Alluvial Soil
45,13.8,45,68,28.5,0.39,6.4,Alluvial Soil
34,15.8,34,58,24,0.28,6.2,Alluvial Soil
23,14.8,23,53,23,0.25,6,Alluvial Soil
41,16.5,41,76,27.5,0.34,6.3,Alluvial Soil
25,13.2,25,57,26.5,0.23,5.8,Alluvial Soil
46,13.9,45,70,29,0.4,6.5,Alluvial Soil
35,15.5,35,59,24.5,0.29,6.1,Alluvial Soil
26,13.3,25,50,25.5,0.26,5.9,Alluvial Soil
47,14,45,72,29.5,0.42,6.3,Alluvial Soil
36,15.8,35,61,25,0.3,6.2,Alluvial Soil
27,13.4,25,51,26,0.27,6,Alluvial Soil
48,14.1,48,74,30,0.44,6.4,Alluvial Soil
37,16,35,63,25.5,0.31,6.1,Alluvial Soil
28,13.5,28,52,26.5,0.28,5.9,Alluvial Soil
49,14.2,49,76,30.5,0.46,6.5,Alluvial Soil
38,16.2,38,65,26,0.32,6.3,Alluvial Soil
29,13.6,29,53,27,0.29,6,Alluvial Soil
42.4,14.3,50,78,30,0.47,6.2,Alluvial Soil
39,16.3,39,66,26.5,0.33,6.5,Alluvial Soil
30,13.7,30,54,27.5,0.3,6.1,Alluvial Soil
41.65,14.4,51,80,31,0.48,6.4,Alluvial Soil
40,16.5,40,68,27,0.34,6.3,Alluvial Soil
31,13.8,31,55,28,0.31,6,Alluvial Soil
52,14.5,52,82,32,0.49,6.2,Alluvial Soil
41,16.7,41,70,28.5,0.35,6.5,Alluvial Soil
32,13.9,32,56,28.5,0.32,6.1,Alluvial Soil
53,14.6,53,84,33,0.5,6.4,Alluvial Soil
42,16.8,42,72,29,0.36,6.3,Alluvial Soil
33,14,33,57,29.5,0.33,6,Alluvial Soil
44,14.7,54,86,34,0.51,6.2,Alluvial Soil
43,16.9,43,74,29.5,0.37,6.5,Alluvial Soil
34,14.1,34,58,30,0.34,6.1,Alluvial Soil
44,14.8,55,88,35,0.52,6.4,Alluvial Soil
44,17,44,76,30.5,0.38,6.3,Alluvial Soil
35,14.2,35,59,31,0.35,6,Alluvial Soil
46,14.9,55,90,36,0.53,6.2,Alluvial Soil
45,17.1,45,78,31,0.39,6.5,Alluvial Soil
36,14.3,35,60,31.5,0.36,6.1,Alluvial Soil
47,15,55,92,37,0.54,6.4,Alluvial Soil
46,17.2,45,80,32,0.4,6.3,Alluvial Soil
37,14.4,35,61,32,0.37,6,Alluvial Soil
47,15.1,58,94,38,0.55,6.2,Alluvial Soil
47,17.3,45,82,33,0.41,6.5,Alluvial Soil
38,14.5,38,62,33,0.38,6.1,Alluvial Soil
49,15.2,59,96,39,0.56,6.4,Alluvial Soil
48,17.4,48,84,34,0.42,6.3,Alluvial Soil
39,14.6,39,63,34,0.39,6,Alluvial Soil
40.65,15.3,50,98,40,0.57,6.2,Alluvial Soil
49,17.5,49,86,35,0.43,6.5,Alluvial Soil
40,14.7,40,64,35,0.4,6.1,Alluvial Soil
61,15.4,51,100,41,0.58,6.4,Alluvial Soil
48,17.6,50,88,36,0.44,6.3,Alluvial Soil
41,14.8,41,65,36,0.41,6,Alluvial Soil
62,15.5,52,102,42,0.59,6.2,Alluvial Soil
46,17.7,51,90,37,0.45,6.5,Alluvial Soil
42,14.9,42,66,37,0.42,6.1,Alluvial Soil
63,15.6,53,104,43,0.6,6.4,Alluvial Soil
52,17.8,52,92,38,0.46,6.3,Alluvial Soil
43,15,43,67,38,0.43,6,Alluvial Soil
64,15.7,54,106,44,0.61,6.2,Alluvial Soil
53,17.9,53,94,39,0.47,6.5,Alluvial Soil
44,15.1,44,68,39,0.44,6.1,Alluvial Soil
65,15.8,55,108,43,0.62,6.4,Alluvial Soil
44,18,54,96,40,0.48,6.3,Alluvial Soil
45,15.2,45,69,40,0.45,6,Alluvial Soil
66,15.9,55,110,46,0.63,6.2,Alluvial Soil
44,18.1,55,98,41,0.49,6.5,Alluvial Soil
46,15.3,45,70,41,0.46,6.1,Alluvial Soil
47.5,16,55,112,42,0.64,6.4,Alluvial Soil
46,18.2,55,100,42,0.5,6.3,Alluvial Soil
47,15.4,45,71,42,0.47,6,Alluvial Soil
68,16.1,58,114,38,0.65,6.2,Alluvial Soil
47,18.3,55,102,43,0.51,6.5,Alluvial Soil
48,15.5,48,72,43,0.48,6.1,Alluvial Soil
69,16.2,59,116,39,0.66,6.4,Alluvial Soil
47,18.4,58,104,44,0.52,6.3,Alluvial Soil
49,15.6,49,73,44,0.49,6,Alluvial Soil
40,16.3,50,118,50,0.67,6.2,Alluvial Soil
59,18.5,59,106,43,0.53,6.5,Alluvial Soil
48,15.7,50,74,43,0.5,6.1,Alluvial Soil
41,16.4,51,120,51,0.68,6.4,Alluvial Soil
60,18.6,50,108,46,0.54,6.3,Alluvial Soil
46,15.8,51,75,46,0.51,6,Alluvial Soil
72,16.5,52,122,52,0.69,6.2,Alluvial Soil
61,18.7,51,110,42,0.55,6.5,Alluvial Soil
52,15.9,52,76,42,0.52,6.1,Alluvial Soil
43,16.6,53,124,53,0.7,6.4,Alluvial Soil
62,18.8,52,112,38,0.56,6.3,Alluvial Soil
53,16,53,77,38,0.53,6,Alluvial Soil
44,16.7,54,126,54,0.71,6.2,Alluvial Soil
63,18.9,53,114,39,0.57,6.5,Alluvial Soil
44,16.1,54,78,39,0.54,6.1,Alluvial Soil
45,16.8,55,128,44.6,0.72,6.4,Alluvial Soil
3,19,54,116,42,0.58,6.3,Alluvial Soil
44,16.2,55,79,40,0.55,6,Alluvial Soil
46,16.9,55,130,46,0.73,6.2,Alluvial Soil
45.5,19.1,55,118,41,0.59,6.5,Alluvial Soil
46,16.3,55,80,41,0.56,6.1,Alluvial Soil
18.5,12.2,18.5,51,20.5,0.21,5.6,Alluvial Soil
43.5,12.3,43.5,75.5,27.5,0.35,6.9,Alluvial Soil
22,12.4,22,52,21,0.22,5.7,Alluvial Soil
38.5,12.5,38.5,69.5,25.5,0.3,6,Alluvial Soil
26,12.6,25,53,22,0.24,5.8,Alluvial Soil
41.5,12.7,41.5,73.5,26.5,0.32,6.1,Alluvial Soil
29,12.8,29,54,23,0.26,5.9,Alluvial Soil
44.5,12.9,44.5,77,28,0.34,6.2,Alluvial Soil
31.5,12.2,31.5,56.5,24.5,0.28,6.4,Alluvial Soil
47.5,12.3,45.5,79.5,30.5,0.36,6.6,Alluvial Soil
34,12.4,34,58,27,0.32,6.3,Alluvial Soil
48,12.5,50,82,33,0.38,6.5,Alluvial Soil
36.5,12.6,35.5,61,29,0.34,6.4,Alluvial Soil
53,12.7,53,84.5,35,0.4,6.7,Alluvial Soil
39,12.8,39,63.5,31,0.36,6.6,Alluvial Soil
46,12.2,55,87,37,0.42,6.9,Alluvial Soil
41.5,12.3,41.5,69.5,32.5,0.38,6.7,Alluvial Soil
59,12.4,59,89,39,0.44,7,Alluvial Soil
44,12.5,44,75,34,0.4,6.8,Alluvial Soil
42,12.6,52,91,41,0.46,7.1,Alluvial Soil
47.5,12.7,45.5,78.5,36.5,0.42,6.9,Alluvial Soil
18.6,12.2,18.5,51.5,20.6,0.21,5.7,Alluvial Soil
43.6,12.3,43.5,75.6,27.6,0.35,6,Alluvial Soil
22.2,12.4,22.2,52.2,21.2,0.22,5.8,Alluvial Soil
38.6,12.5,38.5,69.6,25.6,0.3,6.1,Alluvial Soil
26.2,12.6,25.2,53.2,22.2,0.24,5.9,Alluvial Soil
41.6,12.7,41.5,73.6,26.6,0.32,6.2,Alluvial Soil
29.2,12.8,29.2,54.2,23.2,0.26,6,Alluvial Soil
44.6,12.9,44.5,77.6,28.2,0.34,6.3,Alluvial Soil
31.6,12.2,31.5,56.6,24.6,0.28,6.4,Alluvial Soil
47.6,12.3,45.5,79.6,30.6,0.36,6.6,Alluvial Soil
34.2,12.4,34.2,58.2,27.2,0.32,6.5,Alluvial Soil
48.2,12.5,50.2,82.2,33.2,0.38,6.8,Alluvial Soil
36.6,12.6,35.5,61.6,29.6,0.34,6.7,Alluvial Soil
53.2,12.7,53.2,74.6,35.2,0.4,6.9,Alluvial Soil
39.2,12.8,39.2,63.2,31.2,0.36,7,Alluvial Soil
46.2,12.2,55.2,87.2,37.2,0.42,7.1,Alluvial Soil
41.6,12.3,41.5,73.6,32.6,0.38,6.9,Alluvial Soil
59.2,12.4,59.2,89.2,39.2,0.44,7.2,Alluvial Soil
44.2,12.5,44.2,75.2,34.2,0.4,7,Alluvial Soil
42.2,12.6,52.2,91.2,41.2,0.46,7.1,Alluvial Soil
47.6,12.7,45.5,78.6,36.6,0.42,6.9,Alluvial Soil
20,12.1,20,52,21,0.25,5.6,Alluvial Soil
45,12.2,45,76,27,0.31,6.1,Alluvial Soil
21,12.3,21,53,22,0.26,5.7,Alluvial Soil
42,12.4,42,74,26,0.32,6,Alluvial Soil
23,12.5,23,54,23,0.27,5.8,Alluvial Soil
46,12.6,45,77,28,0.33,6.2,Alluvial Soil
24,12.7,24,55,24,0.28,5.9,Alluvial Soil
47,12.8,45,78,29,0.34,6.4,Alluvial Soil
25,12.9,25,56,25,0.29,6.5,Alluvial Soil
48,12.1,48,79,30,0.35,6.1,Alluvial Soil
26,12.2,25,57,26,0.3,6.3,Alluvial Soil
49,12.3,49,80,31,0.36,6.6,Alluvial Soil
27,12.4,25,58,27,0.31,6.8,Alluvial Soil
48,12.5,50,81,32,0.37,6.7,Alluvial Soil
28,12.6,28,59,28,0.32,6,Alluvial Soil
46,12.7,51,82,33,0.38,6.2,Alluvial Soil
29,12.8,29,60,29,0.33,6.1,Alluvial Soil
52,12.9,52,83,34,0.39,6.3,Alluvial Soil
30,12.1,30,61,30,0.34,6.4,Alluvial Soil
53,12.2,53,84,35,0.4,6.5,Alluvial Soil
31,12.3,31,62,31,0.35,6.6,Alluvial Soil
44,12.4,54,85,36,0.41,6.7,Alluvial Soil
32,12.5,32,63,32,0.36,6.8,Alluvial Soil
44,12.6,55,86,37,0.42,6,Alluvial Soil
33,12.7,33,64,33,0.37,6.1,Alluvial Soil
46,12.8,55,87,38,0.38,6.2,Alluvial Soil
34,12.9,34,65,34,0.39,6.4,Alluvial Soil
47,12.1,55,68,39,0.4,6.5,Alluvial Soil
35,12.2,35,66,40,0.41,6.6,Alluvial Soil
47,12.3,58,89,41,0.42,6.7,Alluvial Soil
20.5,12.1,20.5,51.5,21.5,0.25,5.7,Alluvial Soil
45.5,12.2,45.5,76.5,27.5,0.31,6.1,Alluvial Soil
21.5,12.3,21.5,52.5,22.5,0.26,5.8,Alluvial Soil
42.5,12.4,42.5,74.5,26.5,0.32,6,Alluvial Soil
22.5,12.5,22.5,53.5,23.5,0.27,5.9,Alluvial Soil
46.5,12.6,45.5,77.5,28.5,0.33,6.2,Alluvial Soil
23.5,12.7,23.5,54.5,24.5,0.28,6,Alluvial Soil
47.5,12.8,45.5,78.5,29.5,0.34,6.3,Alluvial Soil
24.5,12.9,24.5,55.5,25.5,0.29,6.5,Alluvial Soil
48.5,12.1,48.5,79.5,30.5,0.35,6.1,Alluvial Soil
25.5,12.2,25.5,56.5,26.5,0.3,6.3,Alluvial Soil
49.5,12.3,49.5,80.5,31.5,0.36,6.6,Alluvial Soil
26.5,12.4,25.5,57.5,27.5,0.31,6.8,Alluvial Soil
48.5,12.5,50.5,81.5,32.5,0.37,6.7,Alluvial Soil
27.5,12.6,25.5,58.5,28.5,0.32,6,Alluvial Soil
46.5,12.7,51.5,82.5,33.5,0.38,6.2,Alluvial Soil
28.5,12.8,28.5,59.5,29.5,0.33,6.1,Alluvial Soil
52.5,12.9,52.5,83.5,34.5,0.39,6.3,Alluvial Soil
29.5,12.1,29.5,60.5,30.5,0.34,6.4,Alluvial Soil
53.5,12.2,53.5,84.5,35.5,0.4,6.5,Alluvial Soil
30.5,12.3,30.5,61.5,31.5,0.35,6.6,Alluvial Soil
44.5,12.4,54.5,85.5,36.5,0.41,6.7,Alluvial Soil
31.5,12.5,31.5,62.5,32.5,0.36,6.8,Alluvial Soil
44.5,12.6,55.5,86.5,37.5,0.42,6,Alluvial Soil
32.5,12.7,32.5,63.5,33.5,0.37,6.1,Alluvial Soil
46.5,12.8,55.5,87.5,38.5,0.38,6.2,Alluvial Soil
33.5,12.9,33.5,64.5,39.5,0.39,6.3,Alluvial Soil
47.5,12.1,55.5,68.5,40.5,0.4,6.5,Alluvial Soil
34.5,12.2,34.5,65.5,41.5,0.41,6.6,Alluvial Soil
47.5,12.3,58.5,79.5,42.5,0.42,6.7,Alluvial Soil
21,12.1,21,52,21,0.25,5.6,Alluvial Soil
45,12.2,45,76,27,0.31,6.1,Alluvial Soil
21.5,12.3,21.5,52.5,22.5,0.26,5.7,Alluvial Soil
42.5,12.4,42.5,74.5,26.5,0.32,6,Alluvial Soil
22,12.5,22,53,23,0.27,5.8,Alluvial Soil
46,12.6,45,77,28,0.33,6.2,Alluvial Soil
22.5,12.7,22.5,53.5,23.5,0.28,5.9,Alluvial Soil
47.5,12.8,45.5,78.5,29.5,0.34,6.3,Alluvial Soil
23,12.9,23,54,24,0.29,6.5,Alluvial Soil
48,12.1,48,79,30,0.35,6.1,Alluvial Soil
23.5,12.2,23.5,54.5,24.5,0.3,6.3,Alluvial Soil
49.5,12.3,49.5,79.5,30.5,0.36,6.6,Alluvial Soil
24,12.4,24,55,25,0.31,6.8,Alluvial Soil
48,12.5,50,80,31,0.37,6.7,Alluvial Soil
24.5,12.6,24.5,55.5,25.5,0.32,6,Alluvial Soil
46.5,12.7,51.5,81.5,31.5,0.38,6.2,Alluvial Soil
25,12.8,25,56,26,0.33,6.1,Alluvial Soil
52,12.9,52,82,32,0.34,6,Alluvial Soil
25.5,12.1,25.5,56.5,26.5,0.35,6.3,Alluvial Soil
53.5,12.2,53.5,83.5,33.5,0.36,6.2,Alluvial Soil
26,12.3,25,57,27,0.37,6.5,Alluvial Soil
44,12.4,54,84,34,0.38,6.4,Alluvial Soil
26.5,12.5,25.5,57.5,27.5,0.39,6.7,Alluvial Soil
44.5,12.6,55.5,85.5,35.5,0.4,6.6,Alluvial Soil
27,12.7,25,58,28,0.41,6.9,Alluvial Soil
46,12.8,55,86,36,0.42,6.8,Alluvial Soil
27.5,12.9,25.5,58.5,28.5,0.43,7,Alluvial Soil
47.5,12.1,55.5,77.5,37.5,0.44,7.1,Alluvial Soil
28,12.2,28,59,29,0.45,7.1,Alluvial Soil
35,14.8,26.6,60,30,0.46,6.9,Alluvial Soil
29,12.3,29,60,30,0.46,7.1,Alluvial Soil
2,2,2,20.5,49.5,2,8.5,Desert Soil
0.4,0.4,0.4,10,15,0.5,7.5,Desert Soil
0.6,0.7,1.2,20.5,30,0.8,7.2,Desert Soil
1,0.5,1.8,25.5,40.5,1.5,7.1,Desert Soil
1.5,1.2,1,12.5,20,1,7.4,Desert Soil
1.2,0.8,1.5,15.5,25.5,0.7,7.3,Desert Soil
0.8,0.6,1.4,18,35,1.2,7.2,Desert Soil
1.7,1.7,1.7,17,28,1.3,7,Desert Soil
1.1,0.9,1.1,27.5,45,1.1,7.3,Desert Soil
1.3,1.3,1.3,14,18,0.9,7.1,Desert Soil
1.4,1,1.6,22,22.5,0.6,7.4,Desert Soil
0.9,0.7,1.3,13.5,19.5,0.7,7.2,Desert Soil
0.7,0.8,1.6,11.5,17.5,0.6,7.4,Desert Soil
1.6,1.1,1,19.5,23.5,1.1,7.1,Desert Soil
1,1.3,1.7,12,28.5,1.2,7.2,Desert Soil
1.8,0.9,1.4,16.5,33.5,1,7.3,Desert Soil
0.5,0.6,1.2,28,45.5,0.8,7.3,Desert Soil
1.1,0.7,1.1,17.5,22,0.9,7.4,Desert Soil
1.4,1.6,1.5,15,26,1.3,7,Desert Soil
0.8,1,1.3,14.5,29,0.7,7.1,Desert Soil
1.2,0.5,1.8,20,38.5,1.5,7.2,Desert Soil
1.5,1.2,1.4,13,21.5,0.6,7.5,Desert Soil
1.2,1.1,1.3,16.5,25,1.1,7.3,Desert Soil
0.6,1.7,0.9,11,17,0.7,7.2,Desert Soil
1.5,1.4,1.7,27,44,1.2,7.4,Desert Soil
1,0.5,1.1,18.5,34,0.9,7.1,Desert Soil
1.8,0.7,1.4,19,18.5,0.5,7,Desert Soil
1.3,1.3,1.3,14,33,1.1,7.3,Desert Soil
0.9,0.6,1.2,22.5,26.5,0.8,7.2,Desert Soil
1.1,0.9,1.6,13.5,21,0.6,7.5,Desert Soil
1.7,0.8,1.5,10.5,16,0.5,7.4,Desert Soil
1.4,1,1.5,12,23,0.7,7.1,Desert Soil
0.8,1.2,1.3,25,29.5,1.3,7.2,Desert Soil
1.5,1.6,1.6,14.5,40,1.4,7.3,Desert Soil
0.7,1.4,0.7,21.5,37.5,0.6,7.4,Desert Soil
1.6,0.6,1.1,11.5,20.5,0.7,7.3,Desert Soil
1.3,0.5,1.7,26.5,42.5,1,7,Desert Soil
0.5,1.5,0.8,15.5,31,0.9,7.2,Desert Soil
1.1,1.7,1.4,17,24.5,0.8,7.1,Desert Soil
1.4,0.8,1.2,20,32,1.2,7.2,Desert Soil
0.9,1.3,1.3,12.5,27.5,1.1,7.3,Desert Soil
1.2,1.1,1.6,23,36,0.6,7.5,Desert Soil
1.2,0.7,1,19,25.5,1.2,7.1,Desert Soil
0.6,1.1,1.6,17.5,21,0.7,7.4,Desert Soil
1,1.2,1.2,16,30.5,1,7.3,Desert Soil
1.5,0.9,1.1,24.5,38,0.9,7.2,Desert Soil
0.8,1.5,1.4,18.5,35.5,1.1,7,Desert Soil
1.3,0.6,1.6,13,22,0.8,7.1,Desert Soil
1.1,1.3,1.3,12.5,28,1.5,7.2,Desert Soil
0.7,0.8,1,26,45,0.6,7.3,Desert Soil
1.4,1.4,1.4,21.5,32.5,1.3,7.2,Desert Soil
0.9,0.5,1.7,15.5,29.5,0.5,7.4,Desert Soil
1.6,1.7,1.5,27,40.5,1.4,7.3,Desert Soil
0.5,1.2,0.9,11.5,19,0.9,7.1,Desert Soil
1.1,1.1,1.7,22,36.5,1.2,7.2,Desert Soil
1.7,0.9,1.4,14,27,0.7,7.5,Desert Soil
1.4,1.5,1.3,23.5,33,0.8,7,Desert Soil
0.8,0.7,1.1,10.5,18.5,1,7.1,Desert Soil
1.3,1,1.5,20,31.5,1.1,7.2,Desert Soil
0.6,0.5,1.3,19.5,24,0.7,7.4,Desert Soil
1,1.6,1,12,26.5,0.6,7.3,Desert Soil
1.5,0.8,1.2,16.5,37,1.4,7.2,Desert Soil
1.3,1.2,1.1,11,20,0.6,7.3,Desert Soil
0.7,0.5,1.7,21,34,1.1,7.4,Desert Soil
1.6,1.1,1.5,14.5,23.5,1.3,7.1,Desert Soil
1,0.8,1.2,15,27,0.9,7,Desert Soil
1.5,0.7,1.3,27.5,42.5,1.4,7.4,Desert Soil
0.8,1.3,1,12,26,0.8,7.2,Desert Soil
1.4,1,1.7,24,31,1.2,7.3,Desert Soil
1.1,0.9,1.4,13.5,19.5,0.7,7.1,Desert Soil
0.6,1.5,1.6,18,32.5,0.6,7.5,Desert Soil
1.2,1.4,1.6,16,24,1.5,7.2,Desert Soil
0.5,0.7,0.9,17,22.5,0.5,7,Desert Soil
1.7,1.3,1.3,19.5,29,0.7,7.3,Desert Soil
0.9,0.6,1.4,15.5,28.5,1.1,7.2,Desert Soil
1.6,0.8,1.1,23,33.5,0.8,7.4,Desert Soil
1.3,0.5,1.2,20.5,39,0.9,7.1,Desert Soil
1,1.1,1.4,10.5,21.5,1,7.2,Desert Soil
1.5,1.7,1.5,21.5,36.5,1.3,7.5,Desert Soil
0.7,0.8,1.3,13,25,1.2,7,Desert Soil
1.4,1.6,1,18.5,30,0.7,7.1,Desert Soil
0.8,0.9,1.7,26.5,41,0.6,7.2,Desert Soil
1,1.4,1,15,27,0.6,7,Desert Soil
1.5,0.6,1.3,23.5,38.5,1,7.2,Desert Soil
0.7,1.1,1.7,21,29,1.4,7.3,Desert Soil
1.6,0.8,1.2,13.5,22.5,0.9,7.4,Desert Soil
1.2,1.3,1.5,12,21,0.8,7.1,Desert Soil
0.5,1,0.9,17.5,36,1.1,7.3,Desert Soil
1.3,1.5,1.6,20,25.5,1.5,7.2,Desert Soil
0.9,0.7,1.4,18.5,30.5,1.2,7,Desert Soil
1.4,0.9,1.3,26,45,1.3,7.4,Desert Soil
1.1,0.5,1.6,19.5,35,0.7,7.2,Desert Soil
0.6,1.7,1.1,16,23.5,0.6,7.5,Desert Soil
1.2,0.6,1,27.5,31,1.1,7.1,Desert Soil
1.7,1.3,1.4,14,32.5,0.5,7.4,Desert Soil
1.4,0.8,1.7,17,27.5,1,7.3,Desert Soil
0.8,1.2,1.5,15.5,26,0.5,7,Desert Soil
1.5,1.2,1.3,21.5,38,0.9,7.1,Desert Soil
0.7,0.9,1.4,12.5,33.5,0.8,7.2,Desert Soil
1.6,1.1,1.6,13,19,1.2,7.3,Desert Soil
1,0.7,1.2,24,37,0.6,7.1,Desert Soil
1.3,1,1,10.5,20.5,0.7,7.3,Desert Soil
1.2,1,1.5,11.5,28.5,1.3,7,Desert Soil
0.6,0.7,1.2,17,31.5,1.1,7.4,Desert Soil
1.4,0.5,1.1,14.5,23,0.6,7.2,Desert Soil
0.9,1.3,1.7,25,37.5,1.4,7.3,Desert Soil
1.7,1.6,1.3,19,34,1.2,7.1,Desert Soil
1.1,0.8,1.4,18,27,0.8,7.5,Desert Soil
1.6,0.5,1.3,12,21.5,0.9,7,Desert Soil
0.8,1.4,1.6,21,29.5,0.7,7.2,Desert Soil
1.3,1.1,1,20.5,25,1,7.3,Desert Soil
0.5,0.6,1.7,15,22,1.5,7.4,Desert Soil
1,0.9,1.2,15.5,38,0.9,7.2,Desert Soil
1.5,1.6,1.1,16.5,32,0.5,7.3,Desert Soil
0.7,0.6,1.5,13,24.5,1.2,7,Desert Soil
1.2,0.8,1.1,22.5,45.5,1.3,7.1,Desert Soil
1.4,1.5,1.4,10.5,19.5,1.4,7.4,Desert Soil
0.6,1.1,1,27,33.5,0.6,7.3,Desert Soil
1.1,1.2,1.7,24,36.5,1.1,7.5,Desert Soil
0.9,0.7,1.4,17.5,26,0.7,7.1,Desert Soil
1.7,0.9,1.3,23.5,29,0.5,7,Desert Soil
1.3,1,1.5,14,21,1.4,7.3,Desert Soil
0.5,1.2,1.3,19.5,24,0.8,7.2,Desert Soil
1,1.3,1.6,12.5,18.5,1.3,7.4,Desert Soil
1.6,0.8,1,20,30,0.9,7.1,Desert Soil
0.7,1.6,1.7,16,28,0.7,7.2,Desert Soil
1.5,0.6,1.2,18.5,25.5,0.6,7.5,Desert Soil
1.2,1,1.5,16,35,1.2,7.3,Desert Soil
0.8,0.7,1.4,18,32.5,1,7.1,Desert Soil
1.4,0.5,1.1,27.5,42,0.8,7.2,Desert Soil
0.9,1.4,1.6,15.5,23.5,0.7,7.4,Desert Soil
1.7,1.3,1,11,22,1.1,7,Desert Soil
1.1,1.2,1.3,15,24.5,0.6,7.4,Desert Soil
0.7,0.9,1.5,16.5,28.5,1.2,7.2,Desert Soil
1.3,1.1,1.4,18,34,0.7,7,Desert Soil
0.8,0.6,1,19,30.5,0.5,7.5,Desert Soil
1.4,0.7,1.1,13,23,0.9,7,Desert Soil
1,1,1.3,22.5,39.5,1.4,7.1,Desert Soil
0.6,0.8,1.2,12.5,37,0.6,7.2,Desert Soil
1.2,0.5,1.6,24,42.5,1,7.4,Desert Soil
1.5,1.3,1.7,14.5,21,0.8,7.1,Desert Soil
0.9,1.6,1.2,27,33.5,1.3,7.3,Desert Soil
1.7,0.9,1.4,16,26,0.7,7.4,Desert Soil
1.1,1,1.1,21,35,0.5,7,Desert Soil
0.5,1.4,1.5,17,31.5,1.1,7.2,Desert Soil
1.3,0.7,1.3,10.5,20.5,1.5,7.3,Desert Soil
0.8,1.5,1.7,26.5,24,1.4,7.4,Desert Soil
1.4,1.6,1,20,43,0.9,7.1,Desert Soil
0.6,1.2,1.5,15.5,29,0.8,7.5,Desert Soil
1.2,0.6,1.4,18.5,36,0.7,7.1,Desert Soil
1,0.7,1.7,12,25.5,1.2,7,Desert Soil
1.5,1.1,1.3,19.5,38.5,1,7.2,Desert Soil
0.7,0.5,1.6,11.5,22.5,0.5,7.3,Desert Soil
1.3,1.3,1.2,14,27,1.3,7.4,Desert Soil
0.9,1,1.5,22,39,0.6,7.1,Desert Soil
1.7,0.8,1.1,13.5,20,1.1,7.2,Desert Soil
1.1,1.2,1,27.5,41.5,0.7,7.5,Desert Soil
0.5,0.9,1.4,15,32,0.8,7,Desert Soil
1.4,0.6,1.3,17.5,29.5,0.5,7.2,Desert Soil
0.8,1.1,1.7,21,34.5,1,7.3,Desert Soil
1.6,1.3,1.6,16.5,26.5,1.5,7.4,Desert Soil
0.7,0.6,1.1,22.5,35.5,1.2,7.1,Desert Soil
1.3,0.9,1.5,14,21,0.8,7,Desert Soil
0.8,1.4,1.3,13.5,24,1.4,7.3,Desert Soil
1.4,0.7,1.6,17,31,0.9,7.5,Desert Soil
1,1,1.4,12,27,1.3,7.2,Desert Soil
0.6,0.8,1.2,25.5,44.5,1,7.1,Desert Soil
1.2,0.5,1.7,11.5,33,0.6,7.4,Desert Soil
1.5,1.3,1,15,20.5,0.7,7,Desert Soil
0.9,1.6,1.1,26,25,1.5,7.4,Desert Soil
1.7,0.9,1.5,19.5,40.5,1.2,7.1,Desert Soil
1.1,1.1,1.3,16.5,32.5,0.8,7.3,Desert Soil
0.5,0.7,1.4,20,28,0.7,7.5,Desert Soil
1.3,0.6,1,10.5,23.5,1.1,7,Desert Soil
0.8,1.5,1.3,18,26.5,0.5,7.2,Desert Soil
1.4,1.6,1.7,21,36,1,7.3,Desert Soil
0.6,1.2,1.5,27.5,37.5,0.9,7.2,Desert Soil
1.2,0.7,1.4,13,22,0.7,7.3,Desert Soil
1,1.3,1.6,22,39,0.6,7.1,Desert Soil
0.7,1,1.2,17.5,30.5,1.1,7.2,Desert Soil
1.5,0.6,1.7,14.5,29,0.8,7.5,Desert Soil
0.9,1.2,1.1,15.5,37,1.3,7,Desert Soil
1.7,1,1.3,12,24.5,0.5,7.4,Desert Soil
1.1,1.4,1,20.5,38.5,0.7,7.1,Desert Soil
0.5,0.8,1.5,16,31.5,1.4,7.3,Desert Soil
1.3,0.5,1.4,18.5,34,0.9,7,Desert Soil
0.8,1.1,1.7,16,28.5,1.5,7.2,Desert Soil
1.4,1.3,1.2,23.5,35.5,0.6,7.4,Desert Soil
0.6,0.9,1.6,27,43,1.1,7.3,Desert Soil
1.2,1.6,1.3,13.5,20,0.8,7,Desert Soil
0.7,1.1,1,20,26,1.2,7.4,Desert Soil
1.3,0.5,1.4,17,34,0.6,7.3,Desert Soil
0.8,0.9,1.6,13.5,22.5,0.7,7,Desert Soil
1.4,1.6,1.3,15,28.5,0.5,7.2,Desert Soil
1,0.7,1.1,26,37,1.3,7.1,Desert Soil
0.6,1,1.5,14.5,21,0.8,7.5,Desert Soil
1.2,0.6,1.4,19,30.5,1.4,7,Desert Soil
1.5,1.3,1.7,21,38,1.2,7.4,Desert Soil
0.9,1.5,1,16.5,25.5,1.5,7.3,Desert Soil
1.7,0.8,1.2,12,36,0.9,7.1,Desert Soil
1.1,1.2,1.1,17.5,33.5,0.5,7.2,Desert Soil
0.5,1.4,1.3,23,42,0.7,7.5,Desert Soil
1.3,0.7,1.6,10.5,24.5,1.1,7,Desert Soil
0.8,1.1,1.5,18,40.5,1,7.2,Desert Soil
1.4,0.6,1.4,27.5,31.5,0.9,7.4,Desert Soil
0.6,0.5,1.7,11.5,29,0.8,7,Desert Soil
1.2,1.4,1.5,15.5,43,1.4,7.3,Desert Soil
1.5,0.9,1.2,13,22,1,7.1,Desert Soil
0.9,0.8,1.3,19.5,33,0.5,7.3,Desert Soil
1.7,0.5,1.1,20,26.5,1.2,7,Desert Soil
1.1,1.6,1,18.5,30,1.3,7.5,Desert Soil
0.5,1.2,1.4,12,37.5,0.6,7.4,Desert Soil
1.3,0.7,1.5,22.5,44.5,1.1,7,Desert Soil
0.8,1,1.3,17,34,0.7,7.5,Desert Soil
1.4,1.6,1.2,16,31,0.5,7.2,Desert Soil
1,0.7,1.6,26,38.5,1,7.3,Desert Soil
0.6,1,1,14,21,0.6,7.1,Desert Soil
1.2,0.6,1.7,19.5,29,1.4,7,Desert Soil
1.5,1.3,1.4,21,38,1.2,7.4,Desert Soil
0.9,1.5,1,16.5,26,1.5,7.3,Desert Soil
1.7,0.8,1.2,12,35.5,0.9,7.1,Desert Soil
0.6,1,1.6,17.5,28,0.5,7,Desert Soil
1.3,0.5,1.5,20,34,0.8,7.2,Desert Soil
0.8,1.1,1.1,13,31.5,1.3,7.1,Desert Soil
1.4,1.6,1.4,16.5,27,0.6,7.5,Desert Soil
1,0.7,1.3,23,38,1.2,7.3,Desert Soil
0.6,0.6,1,19.5,42.5,1.4,7.4,Desert Soil
1.2,1.5,1.7,12,33,0.9,7,Desert Soil
1.5,1.2,1.2,14.5,22.5,1,7.3,Desert Soil
0.9,0.8,1.4,21,25.5,0.7,7.2,Desert Soil
1.7,0.5,1.5,15,36,1.1,7.4,Desert Soil
1.1,1.4,1.3,27.5,31.5,0.5,7,Desert Soil
0.5,0.7,1.7,10.5,24,1.5,7.2,Desert Soil
1.3,0.9,1,22,39.5,0.7,7.5,Desert Soil
0.8,1.3,1.2,18,30,1.4,7,Desert Soil
1.4,0.6,1.6,16,29,0.5,7.3,Desert Soil
1,0.8,1.3,12,32.5,0.9,7.1,Desert Soil
0.6,1.2,1.1,19.5,37,0.7,7.2,Desert Soil
1.2,1,1.5,18.5,21,1.3,7,Desert Soil
1.5,0.5,1.4,21,44.5,0.6,7.4,Desert Soil
0.9,1.4,1.7,14.5,23.5,1,7.5,Desert Soil
1.7,0.7,1.2,15.5,28.5,1.4,7.3,Desert Soil
1.1,1,1.3,13,38.5,0.8,7.1,Desert Soil
0.5,1.6,1,20,26.5,0.9,7,Desert Soil
1.3,1.1,1.6,27.5,30.5,1.5,7.4,Desert Soil
0.8,0.6,1.5,16.5,32,1.1,7,Desert Soil
1.4,0.8,1.3,12,27,0.7,7.3,Desert Soil
1,1.2,1.4,19.5,40,0.5,7.2,Desert Soil
0.6,0.9,1.1,15,29,1.2,7.4,Desert Soil
1.2,1.5,1.7,18,34,0.8,7.1,Desert Soil
1.5,1.4,1.3,23,36.5,1.3,7.2,Desert Soil
0.9,0.7,1,17,23.5,1,7.5,Desert Soil
1.7,0.5,1.2,26,42.5,0.6,7.1,Desert Soil
1.4,1.2,1,17.5,38,1.2,7.4,Desert Soil
0.7,0.8,1.5,14,31.5,0.8,7.3,Desert Soil
1.3,1.6,1.3,21,25,1.5,7,Desert Soil
0.8,0.7,1.1,12.5,34.5,1.3,7.1,Desert Soil
1.4,0.5,1.4,18,21,0.6,7.2,Desert Soil
1,1.3,1.7,15.5,33,1.4,7.5,Desert Soil
0.6,0.9,1.2,27,28.5,0.5,7,Desert Soil
1.2,0.6,1.6,16.5,36,0.7,7.3,Desert Soil
1.5,1,1,13,22.5,1,7.1,Desert Soil
0.9,1.4,1.5,20,39,0.9,7.4,Desert Soil
1.7,0.7,1.3,19.5,30,0.7,7,Desert Soil
1.1,0.5,1.7,10.5,25.5,0.5,7.2,Desert Soil
0.5,1.2,1.3,22,37,0.8,7.1,Desert Soil
1.3,1.1,1,14.5,44.5,1.1,7.3,Desert Soil
0.8,0.6,1.4,16,29,1,7.4,Desert Soil
1.4,1.6,1.2,23,33.5,0.9,7.2,Desert Soil
0.6,1,1.7,12,31,1.5,7.5,Desert Soil
1.2,1.5,1.4,21,37.5,0.8,7,Desert Soil
1.5,0.9,1.1,19,24,1.3,7.1,Desert Soil
0.9,0.8,1.3,15,42.5,1.2,7.4,Desert Soil
1.7,0.5,1.5,9,23.5,0.7,7.3,Desert Soil
1.1,1.4,1,24.5,30.5,1.4,7,Desert Soil
0.5,0.7,1.6,17.5,35.5,1.1,7.5,Desert Soil
1.3,0.9,1.2,12,27,0.5,7,Desert Soil
0.8,1.3,1.7,22,41,1.5,7.2,Desert Soil
1.4,0.6,1,16.5,36.5,0.6,7.1,Desert Soil
1,0.8,1.5,18,32,0.9,7.3,Desert Soil
0.6,1.2,1.3,27,29,0.7,7.4,Desert Soil
1.2,1,1.4,19.5,35,1.2,7.2,Desert Soil
1.5,0.5,1.7,14,25,0.6,7,Desert Soil
0.9,1.4,1.1,20.5,37.5,1,7.5,Desert Soil
1.7,0.7,1.3,18.5,31,0.8,7.3,Desert Soil
1.1,0.5,1.5,11,22,0.5,7.1,Desert Soil
0.633,1.127,1.019,17.512,38.019,1.215,7.437,Desert Soil
0.717,0.814,1.513,14.073,31.538,0.81,7.381,Desert Soil
1.335,1.609,1.313,20.123,25.045,1.514,7.007,Desert Soil
0.826,0.747,1.106,12.593,34.583,1.352,7.149,Desert Soil
1.488,0.507,1.464,18.028,21.056,0.604,7.287,Desert Soil
1.026,1.31,1.715,15.487,32.925,1.405,7.504,Desert Soil
0.656,0.936,1.205,26.958,28.501,0.586,7.098,Desert Soil
1.217,0.644,1.614,16.528,35.965,0.746,7.353,Desert Soil
1.543,1.04,1.009,13.087,22.525,1.014,7.119,Desert Soil
0.964,1.435,1.528,19.024,39.011,0.9,7.451,Desert Soil
1.752,0.734,1.354,9.057,23.514,0.527,7.312,Desert Soil
1.117,0.506,1.696,21.034,36.481,1.101,7.126,Desert Soil
0.507,1.215,1.303,14.576,30.99,0.797,7.543,Desert Soil
1.311,1.055,1.005,24.05,30.52,1.487,7.258,Desert Soil
0.848,0.648,1.718,12.048,27.007,0.552,7.011,Desert Soil
1.446,0.976,1.42,16.512,42.497,1.044,7.374,Desert Soil
1.023,0.778,1.302,18.056,31.993,0.933,7.333,Desert Soil
0.594,1.212,1.71,9.548,25.5,0.538,7.477,Desert Soil
1.317,0.873,1.133,12.986,34.006,0.571,7.305,Desert Soil
1.14,0.513,1.51,22.5,44.002,1.112,7.002,Desert Soil
0.888,0.676,1.311,14.024,28.014,0.853,7.444,Desert Soil
1.415,1.613,1.154,19.976,23.523,1.113,7.117,Desert Soil
0.687,0.87,1.705,13.49,31.534,0.589,7.264,Desert Soil
1.356,0.585,1.338,20.515,35.041,0.651,7.512,Desert Soil
0.725,1.046,1.683,15.029,21.551,1.198,7.048,Desert Soil
1.283,1.158,1.104,24.981,38.536,1.209,7.217,Desert Soil
0.526,0.622,1.303,12.464,30.029,0.798,7.538,Desert Soil
1.314,0.892,1.002,18.996,32.52,1.448,7.259,Desert Soil
0.822,0.564,1.71,11.045,37.005,0.685,7.032,Desert Soil
1.411,1.48,1.405,16.579,41.499,0.761,7.37,Desert Soil
0.996,1.383,1.012,20.073,36.973,1.102,7.495,Desert Soil
1.734,0.756,1.604,9.588,22.531,0.708,7.307,Desert Soil
1.19,0.536,1.695,22.055,33.02,0.523,7.502,Desert Soil
0.507,1.208,1.326,14.534,29.552,0.824,7.302,Desert Soil
1.309,1.117,1.048,23.055,29.547,1.451,7.228,Desert Soil
0.874,0.663,1.72,12.574,26.085,0.537,7.109,Desert Soil
1.452,0.925,1.448,16.01,42.59,1.036,7.407,Desert Soil
1.034,0.805,1.314,18.024,31.039,0.993,7.332,Desert Soil
0.574,1.218,1.707,9.507,26.504,0.512,7.439,Desert Soil
1.318,0.857,1.136,12.974,33.578,0.518,7.287,Desert Soil
1.146,0.527,1.509,21.545,38.081,0.922,7.123,Desert Soil
0.855,0.698,1.332,14.087,23.566,1.178,7.414,Desert Soil
1.481,1.622,1.149,19.54,21.563,1.168,7.001,Desert Soil
0.669,0.824,1.706,13.027,35.077,0.595,7.267,Desert Soil
1.341,0.552,1.335,20.567,32.545,0.629,7.529,Desert Soil
0.725,1.062,1.667,15.022,20.067,1.125,7.062,Desert Soil
0.6697,1.1234,1.0146,17.4999,38.0098,1.2146,7.4379,Desert Soil
0.7123,0.8145,1.5123,14.0467,31.5246,0.8121,7.3802,Desert Soil
1.3324,1.6089,1.3138,20.1279,25.0412,1.5147,7.0068,Desert Soil
0.8258,0.7469,1.1067,12.5984,34.5856,1.3508,7.1485,Desert Soil
1.4882,0.5074,1.4639,18.0275,21.0523,0.6036,7.2873,Desert Soil
1.0267,1.3107,1.7155,15.4908,32.9231,1.4057,7.5037,Desert Soil
0.6564,0.9368,1.2048,26.9576,28.4987,0.5847,7.0984,Desert Soil
1.2169,0.6443,1.6142,16.5269,35.9604,0.7456,7.3523,Desert Soil
1.5437,1.0402,1.0087,13.0854,22.5236,1.0138,7.1189,Desert Soil
0.9644,1.4345,1.5277,19.0238,39.0072,0.8997,7.4505,Desert Soil
1.7525,0.7345,1.3543,9.0574,23.5129,0.5276,7.3116,Desert Soil
1.1169,0.5058,1.6958,21.0346,36.4803,1.1004,7.1256,Desert Soil
0.5076,1.2156,1.3037,14.5779,30.9884,0.7982,7.5431,Desert Soil
1.3119,1.0553,1.0055,24.0512,30.5197,1.4866,7.2587,Desert Soil
0.8482,0.6477,1.7175,12.0477,27.0063,0.5519,7.0118,Desert Soil
1.4462,0.9766,1.4196,16.5114,42.4967,1.0438,7.3736,Desert Soil
1.0238,0.7777,1.3149,18.0552,31.9927,0.9329,7.3324,Desert Soil
0.5937,1.2121,1.7096,9.5475,25.5004,0.5375,7.4766,Desert Soil
1.3176,0.8726,1.1326,12.9869,34.0059,0.5706,7.3046,Desert Soil
1.1409,0.5139,1.5092,22.5016,44.0013,1.1118,7.0024,Desert Soil
0.8875,0.6759,1.3302,14.0236,28.0149,0.8529,7.4444,Desert Soil
1.4154,1.6134,1.1544,19.9776,23.5224,1.1136,7.1178,Desert Soil
0.6865,0.8694,1.7059,13.4906,31.5348,0.5888,7.2646,Desert Soil
1.3556,0.5848,1.3379,20.5144,35.0416,0.6507,7.5126,Desert Soil
0.7254,1.0627,1.6665,15.0279,20.0676,1.1246,7.0627,Desert Soil
1.2827,1.1587,1.1047,24.9806,38.5366,1.2086,7.2176,Desert Soil
0.5258,0.6214,1.3032,12.4646,30.0299,0.7987,7.5384,Desert Soil
1.3136,0.8925,1.0026,18.9963,32.5206,1.4477,7.2585,Desert Soil
0.8219,0.5648,1.7093,11.0457,37.0057,0.6848,7.0326,Desert Soil
1.4113,1.4796,1.4048,16.5785,41.4985,0.7613,7.3693,Desert Soil
0.9959,1.3824,1.0114,20.0725,36.9738,1.1018,7.4959,Desert Soil
1.7347,0.7568,1.6044,9.5884,22.5317,0.7078,7.3078,Desert Soil
1.1896,0.5366,1.6945,22.0559,33.0203,0.5235,7.5029,Desert Soil
0.5067,1.2089,1.3267,14.5347,29.5526,0.8245,7.3018,Desert Soil
1.3098,1.1164,1.0487,23.0557,29.5473,1.4504,7.2284,Desert Soil
0.8734,0.6634,1.7196,12.5743,26.0858,0.5376,7.1093,Desert Soil
1.4526,0.9257,1.4486,16.0104,42.5902,1.0363,7.4067,Desert Soil
1.0346,0.8056,1.3147,18.0247,31.0396,0.9937,7.3318,Desert Soil
0.5749,1.2184,1.7074,9.5073,26.5047,0.5128,7.4397,Desert Soil
1.3189,0.8579,1.1369,12.9749,33.5785,0.5189,7.2877,Desert Soil
1.1468,0.5274,1.5084,21.5454,38.0817,0.9217,7.1225,Desert Soil
0.8557,0.6987,1.3314,14.0873,23.5668,1.1778,7.4139,Desert Soil
1.4805,1.6225,1.1496,19.5408,21.5637,1.1689,7.0017,Desert Soil
0.6693,0.8249,1.7067,13.0278,35.0778,0.5948,7.2636,Desert Soil
1.3418,0.5526,1.3346,20.5676,32.5453,0.6286,7.5294,Desert Soil
0.7256,1.0625,1.6658,15.0225,20.0678,1.1246,7.0625,Desert Soil
0.6693,1.1234,1.0146,17.4999,38.0098,1.2146,7.4379,Desert Soil
0.7123,0.8145,1.5123,14.0467,31.5246,0.8121,7.3802,Desert Soil
1.3324,1.6089,1.3138,20.1279,25.0412,1.5147,7.0068,Desert Soil
0.8258,0.7469,1.1067,12.5984,34.5856,1.3508,7.1485,Desert Soil
1.4882,0.5074,1.4639,18.0275,21.0523,0.6036,7.2873,Desert Soil
1.0267,1.3107,1.7155,15.4908,32.9231,1.4057,7.5037,Desert Soil
0.6564,0.9368,1.2048,26.9576,28.4987,0.5847,7.0984,Desert Soil
1.2169,0.6443,1.6142,16.5269,35.9604,0.7456,7.3523,Desert Soil
1.5437,1.0402,1.0087,13.0854,22.5236,1.0138,7.1189,Desert Soil
0.9644,1.4345,1.5277,19.0238,39.0072,0.8997,7.4505,Desert Soil
1.7525,0.7345,1.3543,9.0574,23.5129,0.5276,7.3116,Desert Soil
1.1169,0.5058,1.6958,21.0346,36.4803,1.1004,7.1256,Desert Soil
0.5076,1.2156,1.3037,14.5779,30.9884,0.7982,7.5431,Desert Soil
1.3119,1.0553,1.0055,24.0512,30.5197,1.4866,7.2587,Desert Soil
0.8482,0.6477,1.7175,12.0477,27.0063,0.5519,7.0118,Desert Soil
1.4462,0.9766,1.4196,16.5114,42.4967,1.0438,7.3736,Desert Soil
1.0238,0.7777,1.3149,18.0552,31.9927,0.9329,7.3324,Desert Soil
0.5937,1.2121,1.7096,9.5475,25.5004,0.5375,7.4766,Desert Soil
1.3176,0.8726,1.1326,12.9869,34.0059,0.5706,7.3046,Desert Soil
1.1409,0.5139,1.5092,22.5016,44.0013,1.1118,7.0024,Desert Soil
0.8875,0.6759,1.3302,14.0236,28.0149,0.8529,7.4444,Desert Soil
1.4154,1.6134,1.1544,19.9776,23.5224,1.1136,7.1178,Desert Soil
0.6865,0.8694,1.7059,13.4906,31.5348,0.5888,7.2646,Desert Soil
1.3556,0.5848,1.3379,20.5144,35.0416,0.6507,7.5126,Desert Soil
0.7254,1.0627,1.6665,15.0279,20.0676,1.1246,7.0627,Desert Soil
1.2827,1.1587,1.1047,24.9806,38.5366,1.2086,7.2176,Desert Soil
0.5258,0.6214,1.3032,12.4646,30.0299,0.7987,7.5384,Desert Soil
1.3136,0.8925,1.0026,18.9963,32.5206,1.4477,7.2585,Desert Soil
0.8219,0.5648,1.7093,11.0457,37.0057,0.6848,7.0326,Desert Soil
1.4113,1.4796,1.4048,16.5785,41.4985,0.7613,7.3693,Desert Soil
0.9959,1.3824,1.0114,20.0725,36.9738,1.1018,7.4959,Desert Soil
1.7347,0.7568,1.6044,9.5884,22.5317,0.7078,7.3078,Desert Soil
1.1896,0.5366,1.6945,22.0559,33.0203,0.5235,7.5029,Desert Soil
0.5067,1.2089,1.3267,14.5347,29.5526,0.8245,7.3018,Desert Soil
1.3098,1.1164,1.0487,23.0557,29.5473,1.4504,7.2284,Desert Soil
0.8734,0.6634,1.7196,12.5743,26.0858,0.5376,7.1093,Desert Soil
1.4526,0.9257,1.4486,16.0104,42.5902,1.0363,7.4067,Desert Soil
1.0346,0.8056,1.3147,18.0247,31.0396,0.9937,7.3318,Desert Soil
0.5749,1.2184,1.7074,9.5073,26.5047,0.5128,7.4397,Desert Soil
1.3189,0.8579,1.1369,12.9749,33.5785,0.5189,7.2877,Desert Soil
1.1468,0.5274,1.5084,21.5454,38.0817,0.9217,7.1225,Desert Soil
0.8557,0.6987,1.3314,14.0873,23.5668,1.1778,7.4139,Desert Soil
1.4805,1.6225,1.1496,19.5408,21.5637,1.1689,7.0017,Desert Soil
0.6693,0.8249,1.7067,13.0278,35.0778,0.5948,7.2636,Desert Soil
1.3418,0.5526,1.3346,20.5676,32.5453,0.6286,7.5294,Desert Soil
0.7256,1.0625,1.6658,15.0225,20.0678,1.1246,7.0625,Desert Soil
0.6693,1.1234,1.0146,17.4999,38.0098,1.2146,7.4379,Desert Soil
0.7123,0.8145,1.5123,14.0467,31.5246,0.8121,7.3802,Desert Soil
1.3324,1.6089,1.3138,20.1279,25.0412,1.5147,7.0068,Desert Soil
0.8258,0.7469,1.1067,12.5984,34.5856,1.3508,7.1485,Desert Soil
1.4882,0.5074,1.4639,18.0275,21.0523,0.6036,7.2873,Desert Soil
1.0267,1.3107,1.7155,15.4908,32.9231,1.4057,7.5037,Desert Soil
0.6564,0.9368,1.2048,26.9576,28.4987,0.5847,7.0984,Desert Soil
1.2169,0.6443,1.6142,16.5269,35.9604,0.7456,7.3523,Desert Soil
1.5437,1.0402,1.0087,13.0854,22.5236,1.0138,7.1189,Desert Soil
0.9644,1.4345,1.5277,19.0238,39.0072,0.8997,7.4505,Desert Soil
1.7525,0.7345,1.3543,9.0574,23.5129,0.5276,7.3116,Desert Soil
1.1169,0.5058,1.6958,21.0346,36.4803,1.1004,7.1256,Desert Soil
0.5076,1.2156,1.3037,14.5779,30.9884,0.7982,7.5431,Desert Soil
1.3119,1.0553,1.0055,24.0512,30.5197,1.4866,7.2587,Desert Soil
0.8482,0.6477,1.7175,12.0477,27.0063,0.5519,7.0118,Desert Soil
1.4462,0.9766,1.4196,16.5114,42.4967,1.0438,7.3736,Desert Soil
1.0238,0.7777,1.3149,18.0552,31.9927,0.9329,7.3324,Desert Soil
0.5937,1.2121,1.7096,9.5475,25.5004,0.5375,7.4766,Desert Soil
1.3176,0.8726,1.1326,12.9869,34.0059,0.5706,7.3046,Desert Soil
1.1409,0.5139,1.5092,22.5016,44.0013,1.1118,7.0024,Desert Soil
0.8875,0.6759,1.3302,14.0236,28.0149,0.8529,7.4444,Desert Soil
1.4154,1.6134,1.1544,19.9776,23.5224,1.1136,7.1178,Desert Soil
0.6865,0.8694,1.7059,13.4906,31.5348,0.5888,7.2646,Desert Soil
1.3556,0.5848,1.3379,20.5144,35.0416,0.6507,7.5126,Desert Soil
0.7254,1.0627,1.6665,15.0279,20.0676,1.1246,7.0627,Desert Soil
1.2827,1.1587,1.1047,24.9806,38.5366,1.2086,7.2176,Desert Soil
0.5258,0.6214,1.3032,12.4646,30.0299,0.7987,7.5384,Desert Soil
1.3136,0.8925,1.0026,18.9963,32.5206,1.4477,7.2585,Desert Soil
0.8219,0.5648,1.7093,11.0457,37.0057,0.6848,7.0326,Desert Soil
1.4113,1.4796,1.4048,16.5785,41.4985,0.7613,7.3693,Desert Soil
0.9959,1.3824,1.0114,20.0725,36.9738,1.1018,7.4959,Desert Soil
1.7347,0.7568,1.6044,9.5884,22.5317,0.7078,7.3078,Desert Soil
1.1896,0.5366,1.6945,22.0559,33.0203,0.5235,7.5029,Desert Soil
0.5067,1.2089,1.3267,14.5347,29.5526,0.8245,7.3018,Desert Soil
1.3098,1.1164,1.0487,23.0557,29.5473,1.4504,7.2284,Desert Soil
0.8734,0.6634,1.7196,12.5743,26.0858,0.5376,7.1093,Desert Soil
1.4526,0.9257,1.4486,16.0104,42.5902,1.0363,7.4067,Desert Soil
1.0346,0.8056,1.3147,18.0247,31.0396,0.9937,7.3318,Desert Soil
0.5749,1.2184,1.7074,9.5073,26.5047,0.5128,7.4397,Desert Soil
1.3189,0.8579,1.1369,12.9749,33.5785,0.5189,7.2877,Desert Soil
1.1468,0.5274,1.5084,21.5454,38.0817,0.9217,7.1225,Desert Soil
0.8557,0.6987,1.3314,14.0873,23.5668,1.1778,7.4139,Desert Soil
1.4805,1.6225,1.1496,19.5408,21.5637,1.1689,7.0017,Desert Soil
0.6693,0.8249,1.7067,13.0278,35.0778,0.5948,7.2636,Desert Soil
1.3418,0.5526,1.3346,20.5676,32.5453,0.6286,7.5294,Desert Soil
0.7256,1.0625,1.6658,15.0225,20.0678,1.1246,7.0625,Desert Soil
1.2827,1.1587,1.1047,24.9806,38.5366,1.2086,7.2176,Desert Soil
0.5258,0.6214,1.3032,12.4646,30.0299,0.7987,7.5384,Desert Soil
1.3136,0.8925,1.0026,18.9963,32.5206,1.4477,7.2585,Desert Soil
0.8219,0.5648,1.7093,11.0457,37.0057,0.6848,7.0326,Desert Soil
1.4113,1.4796,1.4048,16.5785,41.4985,0.7613,7.3693,Desert Soil
0.9959,1.3824,1.0114,20.0725,36.9738,1.1018,7.4959,Desert Soil
1.7347,0.7568,1.6044,9.5884,22.5317,0.7078,7.3078,Desert Soil
1.1896,0.5366,1.6945,22.0559,33.0203,0.5235,7.5029,Desert Soil
0.5067,1.2089,1.3267,14.5347,29.5526,0.8245,7.3018,Desert Soil
1.3098,1.1164,1.0487,23.0557,29.5473,1.4504,7.2284,Desert Soil
0.8734,0.6634,1.7196,12.5743,26.0858,0.5376,7.1093,Desert Soil
1.4526,0.9257,1.4486,16.0104,42.5902,1.0363,7.4067,Desert Soil
1.0346,0.8056,1.3147,18.0247,31.0396,0.9937,7.3318,Desert Soil
0.5749,1.2184,1.7074,9.5073,26.5047,0.5128,7.4397,Desert Soil
1.3189,0.8579,1.1369,12.9749,33.5785,0.5189,7.2877,Desert Soil
1.1468,0.5274,1.5084,21.5454,38.0817,0.9217,7.1225,Desert Soil
0.8557,0.6987,1.3314,14.0873,23.5668,1.1778,7.4139,Desert Soil
1.4805,1.6225,1.1496,19.5408,21.5637,1.1689,7.0017,Desert Soil
0.6693,0.8249,1.7067,13.0278,35.0778,0.5948,7.2636,Desert Soil
1.3418,0.5526,1.3346,20.5676,32.5453,0.6286,7.5294,Desert Soil
0.7256,1.0625,1.6658,15.0225,20.0678,1.1246,7.0625,Desert Soil
1.2747,0.6782,1.1113,11.9475,24.5502,0.5238,7.5096,Desert Soil
0.9956,0.9206,1.3487,18.0346,31.0047,1.1983,7.4164,Desert Soil
1.4327,1.5308,1.0507,16.5112,43.5013,0.7817,7.2637,Desert Soil
0.8019,0.5123,1.7047,22.0195,22.5395,1.3054,7.1038,Desert Soil
1.1157,0.7635,1.3269,12.5526,37.0438,0.6216,7.3814,Desert Soil
0.5468,1.2158,1.5166,20.0446,29.5765,0.8274,7.2984,Desert Soil
1.3055,1.0392,1.6514,14.5903,30.5315,0.8987,7.1189,Desert Soil
1.4624,1.3897,1.3124,16.5987,30.9687,0.7312,7.3816,Desert Soil
0.9336,1.2368,1.4005,17.5237,34.0096,1.0058,7.4476,Desert Soil
0.9336,1.2368,1.4005,17.5237,34.0096,1.0058,7.4476,Desert Soil
0.5,0.5,0.5,25,15,0.2,4.5,Red Soil
0.75,0.7,0.6,27.5,20,0.3,5,Red Soil
1,1,1,28,22.5,0.4,5,Red Soil
1.2,1.2,1.2,29,23,0.45,5.2,Red Soil
1.4,1.4,1.4,29.5,24,0.48,5.4,Red Soil
1.475,1.48,1.49,29.9,24.8,0.49,5.6,Red Soil
1.465,1.485,1.493,29.7,24.6,0.488,5.65,Red Soil
1.453,1.492,1.498,29.5,24.4,0.486,5.68,Red Soil
1.442,1.499,1.502,29.3,24.2,0.484,5.66,Red Soil
1.431,1.506,1.507,29.1,24,0.482,5.66,Red Soil
1.42,1.513,1.512,28.9,23.8,0.48,5.65,Red Soil
1.409,1.52,1.517,28.7,23.6,0.478,5.6,Red Soil
1.398,1.527,1.522,28.5,23.4,0.476,5.58,Red Soil
1.387,1.534,1.527,28.3,23.2,0.474,5.56,Red Soil
1.376,1.541,1.532,28.1,23,0.472,5.56,Red Soil
1.365,1.548,1.537,27.9,22.8,0.47,5.55,Red Soil
1.354,1.555,1.542,27.7,22.6,0.468,5.5,Red Soil
1.343,1.562,1.547,27.5,22.4,0.466,5.58,Red Soil
1.332,1.569,1.552,27.3,22.2,0.464,5.56,Red Soil
1.321,1.576,1.557,27.1,22,0.462,5.56,Red Soil
1.31,1.583,1.562,26.9,21.8,0.46,5.55,Red Soil
1.299,1.59,1.567,26.7,21.6,0.458,5.5,Red Soil
1.288,1.597,1.572,26.5,21.4,0.456,5.58,Red Soil
1.277,1.604,1.577,26.3,21.2,0.454,5.56,Red Soil
1.266,1.611,1.582,26.1,21,0.452,5.56,Red Soil
1.255,1.618,1.587,25.9,20.8,0.45,5.55,Red Soil
1.244,1.625,1.592,25.7,20.6,0.448,5,Red Soil
1.233,1.632,1.597,25.5,20.4,0.446,6.98,Red Soil
1.1,0.9,1.2,16.5,26.5,0.3,5.7,Red Soil
1,1.2,0.8,18.2,28.7,0.4,6,Red Soil
0.8,1.4,1.5,20.1,30.1,0.5,6.4,Red Soil
1.5,1,1.3,17.8,27.3,0.2,5.8,Red Soil
1.3,1.3,0.7,19.5,29.4,0.6,6.5,Red Soil
1.2,0.8,1,21.2,31.2,0.3,6.1,Red Soil
0.9,1.1,1.4,16.7,26.8,0.5,6.3,Red Soil
1.4,0.7,1.1,22,32,0.4,6.6,Red Soil
1.1,1.5,0.9,18.9,29.1,0.2,5.6,Red Soil
1,1,1.5,24,33.5,0.6,6.2,Red Soil
1.3,0.9,1.2,20.7,30.8,0.3,5.9,Red Soil
0.8,1.2,0.8,15.5,25.5,0.4,6.5,Red Soil
1.2,1.4,1.4,17.2,27.9,0.5,6.3,Red Soil
1.5,1,1,19.1,29.2,0.2,6,Red Soil
1,1.3,0.7,21.8,31.6,0.6,6.6,Red Soil
1.3,0.8,1.3,18.5,28.4,0.3,6.2,Red Soil
0.9,1.1,1.1,23.2,32.9,0.4,5.7,Red Soil
1.4,0.7,1.5,19.9,30.3,0.5,6.1,Red Soil
1.1,1.5,0.9,22.6,33.7,0.2,5.9,Red Soil
1,1,1.4,24.5,35,0.6,6.4,Red Soil
1.3,0.9,1.2,21.3,31.4,0.3,6.3,Red Soil
0.8,1.2,0.8,17,27,0.4,5.6,Red Soil
1.2,1.4,1.5,18.7,29.5,0.5,6,Red Soil
1.5,1,1,20.6,30.9,0.2,5.8,Red Soil
1,1.3,0.7,22.3,33.3,0.6,6.5,Red Soil
1.3,0.8,1.3,19,28.8,0.3,6.1,Red Soil
0.9,1.1,1.1,23.7,32.2,0.4,5.9,Red Soil
1.4,0.7,1.5,20.4,30.6,0.5,6.4,Red Soil
1.1,1.5,0.9,25,34,0.2,6.2,Red Soil
1,1,1.4,27,36,0.6,6,Red Soil
1.3,0.9,1.2,22,31,0.3,5.7,Red Soil
0.8,1.2,0.8,18,27.5,0.4,6,Red Soil
1.2,1.4,1.5,19.7,29.9,0.5,6.4,Red Soil
1.5,1,1,21.6,31.3,0.2,5.8,Red Soil
1,1.3,0.7,23.3,33.7,0.6,6.5,Red Soil
1.3,0.8,1.3,20,29.3,0.3,6.1,Red Soil
0.9,1.1,1.1,24.7,32.7,0.4,5.7,Red Soil
1.4,0.7,1.5,21.5,30.1,0.5,6.2,Red Soil
1.1,1.5,0.9,26.3,34.5,0.2,6.4,Red Soil
1,1,1.4,28,36.9,0.6,6.6,Red Soil
1.3,0.9,1.2,23.8,32.1,0.3,6.3,Red Soil
0.8,1.2,0.8,19.6,28.7,0.4,6.1,Red Soil
1.2,1.4,1.5,21.3,30.2,0.5,6.5,Red Soil
1.5,1,1,23.2,31.6,0.2,6,Red Soil
1,1.3,0.7,25.9,33.9,0.6,6.2,Red Soil
1.3,0.8,1.3,22.6,30.5,0.3,6.4,Red Soil
0.9,1.1,1.1,27.3,35,0.4,6.6,Red Soil
1.4,0.7,1.5,24.1,32.4,0.5,6.3,Red Soil
1.1,1.5,0.9,29,36.8,0.2,6.1,Red Soil
1,1,1.4,30,38,0.6,6,Red Soil
1.3,1,1,23.2,31.6,0.2,6,Red Soil
1,1.3,0.7,25.9,33.9,0.6,6.2,Red Soil
1.3,0.8,1.3,22.6,30.5,0.3,6.4,Red Soil
0.9,1.1,1.1,27.3,35,0.4,6.6,Red Soil
1.4,0.7,1.5,24.1,32.4,0.5,6.3,Red Soil
1.1,1.5,0.9,29,36.8,0.2,6.1,Red Soil
1,1,1.4,30,38,0.6,6,Red Soil
1.3,0.9,1.2,23.8,32.1,0.3,6.3,Red Soil
0.8,1.2,0.8,19.6,28.7,0.4,6.1,Red Soil
1.2,1.4,1.5,21.3,30.2,0.5,6.5,Red Soil
1.5,1,1,23.2,31.6,0.2,6,Red Soil
1,1.3,0.7,25.9,33.9,0.6,6.2,Red Soil
1.3,0.8,1.3,22.6,30.5,0.3,6.4,Red Soil
0.9,1.1,1.1,27.3,35,0.4,6.6,Red Soil
1.4,0.7,1.5,24.1,32.4,0.5,6.3,Red Soil
1.1,1.5,0.9,29,36.8,0.2,6.1,Red Soil
1,1,1.4,30,38,0.6,6,Red Soil
1.3,0.9,1.2,23.8,32.1,0.3,6.3,Red Soil
0.8,1.2,0.8,19.6,28.7,0.4,6.1,Red Soil
1.2,1.4,1.5,21.3,30.2,0.5,6.5,Red Soil
1.5,1,1,23.2,31.6,0.2,6,Red Soil
1,1.3,0.7,25.9,33.9,0.6,6.2,Red Soil
1.3,0.8,1.3,22.6,30.5,0.3,6.4,Red Soil
0.9,1.1,1.1,27.3,35,0.4,6.6,Red Soil
1.4,0.7,1.5,24.1,32.4,0.5,6.3,Red Soil
1.1,1.5,0.9,29,36.8,0.2,6.1,Red Soil
1,1,1.4,30,38,0.6,6,Red Soil
1.3,0.9,1.2,23.8,32.1,0.3,6.3,Red Soil
0.8,1.2,0.8,19.6,28.7,0.4,6.1,Red Soil
1.2,1.4,1.5,21.3,30.2,0.5,6.5,Red Soil
1.5,1,1,23.2,31.6,0.2,6,Red Soil
1,1.3,0.7,25.9,33.9,0.6,6.2,Red Soil
1.3,0.8,1.3,22.6,30.5,0.3,6.4,Red Soil
0.9,1.1,1.1,27.3,35,0.4,6.6,Red Soil
1.4,0.7,1.5,24.1,32.4,0.5,6.3,Red Soil
1.1,1.5,0.9,29,36.8,0.2,6.1,Red Soil
1,1,1.4,30,38,0.6,6,Red Soil
1.3,0.9,1.2,23.8,32.1,0.3,6.3,Red Soil
0.8,1.2,0.8,19.6,28.7,0.4,6.1,Red Soil
1.2,1.4,1.5,21.3,30.2,0.5,6.5,Red Soil
1.5,1,1,23.2,31.6,0.2,6,Red Soil
1,1.3,0.7,25.9,33.9,0.6,6.2,Red Soil
1.3,0.8,1.3,22.6,30.5,0.3,6.4,Red Soil
0.9,1.1,1.1,27.3,35,0.4,6.6,Red Soil
1.4,0.7,1.5,24.1,32.4,0.5,6.3,Red Soil
1.1,1.5,0.9,29,36.8,0.2,6.1,Red Soil
1,1,1.4,30,38,0.6,6,Red Soil
1.3,0.9,1.2,23.8,32.1,0.3,6.3,Red Soil
0.8,1.2,0.8,19.6,28.7,0.4,6.1,Red Soil
1.2,1.4,1.5,21.3,30.2,0.5,6.5,Red Soil
1.3,0.9,1.2,23.8,32.1,0.3,6.3,Red Soil
0.8,1.2,0.8,19.6,28.7,0.4,6.1,Red Soil
1.2,1.4,1.5,21.3,30.2,0.5,6.5,Red Soil
1.5,1,1,23.2,31.6,0.2,6,Red Soil
1,1.3,0.7,25.9,33.9,0.6,6.2,Red Soil
1.3,0.8,1.3,22.6,30.5,0.3,6.4,Red Soil
0.9,1.1,1.1,27.3,35,0.4,6.6,Red Soil
1.4,0.7,1.5,24.1,32.4,0.5,6.3,Red Soil
1.1,1.5,0.9,29,36.8,0.2,6.1,Red Soil
1,1,1.4,30,38,0.6,6,Red Soil
1.3,0.9,1.2,23.8,32.1,0.3,6.3,Red Soil
0.8,1.2,0.8,19.6,28.7,0.4,6.1,Red Soil
1.2,1.4,1.5,21.3,30.2,0.5,6.5,Red Soil
1.5,1,1,23.2,31.6,0.2,6,Red Soil
1,1.3,0.7,25.9,33.9,0.6,6.2,Red Soil
1.3,0.8,1.3,22.6,30.5,0.3,6.4,Red Soil
0.9,1.1,1.1,27.3,35,0.4,6.6,Red Soil
1.4,0.7,1.5,24.1,32.4,0.5,6.3,Red Soil
1.1,1.5,0.9,29,36.8,0.2,6.1,Red Soil
1,1,1.4,30,38,0.6,6,Red Soil
1.3,0.9,1.2,23.8,32.1,0.3,6.3,Red Soil
0.8,1.2,0.8,19.6,28.7,0.4,6.1,Red Soil
1.2,1.4,1.5,21.3,30.2,0.5,6.5,Red Soil
1.5,1,1,23.2,31.6,0.2,6,Red Soil
1,1.3,0.7,25.9,33.9,0.6,6.2,Red Soil
1.3,0.8,1.3,22.6,30.5,0.3,6.4,Red Soil
0.9,1.1,1.1,27.3,35,0.4,6.6,Red Soil
1.4,0.7,1.5,24.1,32.4,0.5,6.3,Red Soil
1.1,1.5,0.9,29,36.8,0.2,6.1,Red Soil
1,1,1.4,30,38,0.6,6,Red Soil
1.35,0.91,1.22,23.85,32.12,0.34,6.33,Red Soil
0.88,1.21,0.87,19.61,28.78,0.45,6.12,Red Soil
1.23,1.43,1.55,21.35,30.27,0.56,6.54,Red Soil
1.56,1.05,1.03,23.24,31.62,0.29,6.02,Red Soil
1.03,1.37,0.72,25.92,33.96,0.63,6.22,Red Soil
1.38,0.86,1.31,22.69,30.53,0.37,6.44,Red Soil
0.94,1.09,1.07,27.34,35.05,0.48,6.66,Red Soil
1.49,0.76,1.52,24.12,32.4,0.59,6.33,Red Soil
1.16,1.57,0.97,29.01,36.85,0.26,6.11,Red Soil
1.05,1.01,1.46,30.01,38.07,0.67,6,Red Soil
1.38,0.96,1.24,23.79,32.18,0.38,6.33,Red Soil
0.83,1.26,0.82,19.67,28.75,0.49,6.11,Red Soil
1.27,1.48,1.57,21.34,30.21,0.5,6.55,Red Soil
1.59,1.02,1.02,23.23,31.65,0.27,6,Red Soil
1.02,1.34,0.71,25.9,33.98,0.68,6.22,Red Soil
1.37,0.87,1.32,22.67,30.55,0.39,6.44,Red Soil
0.93,1.1,1.08,27.32,35.07,0.4,6.66,Red Soil
1.48,0.77,1.53,24.1,32.42,0.51,6.33,Red Soil
1.15,1.58,0.98,28.99,36.87,0.28,6.11,Red Soil
1.04,1.02,1.47,29.99,38.09,0.69,6,Red Soil
1.37,0.96,1.24,23.79,32.18,0.38,6.33,Red Soil
0.83,1.26,0.82,19.67,28.75,0.49,6.11,Red Soil
1.27,1.48,1.57,21.34,30.21,0.5,6.55,Red Soil
1.59,1.02,1.02,23.23,31.65,0.27,6,Red Soil
1.02,1.34,0.71,25.9,33.98,0.68,6.22,Red Soil
1.37,0.87,1.32,22.67,30.55,0.39,6.44,Red Soil
0.93,1.1,1.08,27.32,35.07,0.4,6.66,Red Soil
1.48,0.77,1.53,24.1,32.42,0.51,6.33,Red Soil
1.15,1.58,0.98,28.99,36.87,0.28,6.11,Red Soil
1.04,1.02,1.47,29.99,38.09,0.69,6,Red Soil
1.356,0.913,1.227,23.851,32.123,0.342,6.335,Red Soil
0.883,1.217,0.876,19.613,28.785,0.454,6.121,Red Soil
1.234,1.434,1.555,21.358,30.274,0.565,6.546,Red Soil
1.567,1.052,1.034,23.243,31.628,0.296,6.024,Red Soil
1.037,1.368,0.726,25.901,33.968,0.637,6.222,Red Soil
1.384,0.865,1.313,22.694,30.537,0.376,6.441,Red Soil
0.947,1.094,1.075,27.345,35.051,0.487,6.664,Red Soil
1.497,0.766,1.525,24.121,32.404,0.598,6.331,Red Soil
1.165,1.574,0.976,29.007,36.854,0.267,6.113,Red Soil
1.058,1.008,1.462,30.005,38.075,0.678,6.002,Red Soil
1.384,0.967,1.242,23.796,32.184,0.387,6.336,Red Soil
0.834,1.261,0.825,19.675,28.751,0.498,6.113,Red Soil
1.273,1.484,1.574,21.342,30.216,0.509,6.554,Red Soil
1.598,1.023,1.023,23.233,31.653,0.278,6.001,Red Soil
1.027,1.343,0.716,25.905,33.981,0.689,6.223,Red Soil
1.373,0.872,1.318,22.675,30.553,0.398,6.444,Red Soil
0.931,1.101,1.084,27.324,35.072,0.409,6.665,Red Soil
1.483,0.776,1.535,24.101,32.419,0.519,6.332,Red Soil
1.156,1.581,0.986,28.995,36.874,0.288,6.112,Red Soil
1.046,1.023,1.471,29.995,38.096,0.699,6.001,Red Soil
1.373,0.967,1.242,23.796,32.184,0.387,6.336,Red Soil
0.834,1.261,0.825,19.675,28.751,0.498,6.113,Red Soil
1.273,1.484,1.574,21.342,30.216,0.509,6.554,Red Soil
1.598,1.023,1.023,23.233,31.653,0.278,6.001,Red Soil
1.027,1.343,0.716,25.905,33.981,0.689,6.223,Red Soil
1.373,0.872,1.318,22.675,30.553,0.398,6.444,Red Soil
0.931,1.101,1.084,27.324,35.072,0.409,6.665,Red Soil
1.483,0.776,1.535,24.101,32.419,0.519,6.332,Red Soil
1.156,1.581,0.986,28.995,36.874,0.288,6.112,Red Soil
1.046,1.023,1.471,29.995,38.096,0.699,6.001,Red Soil
1.373,0.967,1.242,23.796,32.184,0.387,6.336,Red Soil
0.834,1.261,0.825,19.675,28.751,0.498,6.113,Red Soil
1.273,1.484,1.574,21.342,30.216,0.509,6.554,Red Soil
1.598,1.023,1.023,23.233,31.653,0.278,6.001,Red Soil
1.027,1.343,0.716,25.905,33.981,0.689,6.223,Red Soil
1.373,0.872,1.318,22.675,30.553,0.398,6.444,Red Soil
0.931,1.101,1.084,27.324,35.072,0.409,6.665,Red Soil
1.483,0.776,1.535,24.101,32.419,0.519,6.332,Red Soil
1.156,1.581,0.986,28.995,36.874,0.288,6.112,Red Soil
1.046,1.023,1.471,29.995,38.096,0.699,6.001,Red Soil
1.056,1.223,1.012,18.946,25.687,0.297,5.632,Red Soil
0.852,1.487,0.701,20.154,30.421,0.457,6.459,Red Soil
1.214,0.876,1.309,22.405,27.896,0.382,6.215,Red Soil
0.739,1.132,0.962,19.672,34.021,0.513,6.218,Red Soil
1.375,1.492,1.598,23.112,29.827,0.331,6.417,Red Soil
1.112,0.633,0.551,25.798,32.506,0.498,5.976,Red Soil
0.624,1.252,1.422,21.698,28.903,0.308,6.551,Red Soil
1.503,0.942,1.221,17.984,26.358,0.586,5.688,Red Soil
1.345,1.112,0.717,24.098,35.507,0.212,5.654,Red Soil
0.986,0.871,1.253,26.003,33.482,0.345,6.317,Red Soil
0.776,1.321,0.548,16.731,25.385,0.574,6.67,Red Soil
1.321,1.482,0.956,27.118,31.69,0.475,6.511,Red Soil
1.223,0.727,1.515,20.807,29.939,0.525,6.587,Red Soil
0.944,0.619,1.019,18.207,27.681,0.234,5.785,Red Soil
1.113,1.259,1.163,25.136,30.126,0.421,5.896,Red Soil
1.369,0.798,1.455,22.743,34.765,0.366,6.463,Red Soil
0.856,0.935,1.566,19.444,26.968,0.478,5.698,Red Soil
1.224,1.196,0.802,27.555,32.906,0.592,6.63,Red Soil
0.932,0.787,1.345,24.879,30.254,0.233,6.206,Red Soil
1.295,1.41,0.921,21.537,29.864,0.404,6.59,Red Soil
0.708,1.065,0.63,23.889,33.321,0.527,6.127,Red Soil
1.154,1.503,1.269,17.349,25.799,0.355,6.434,Red Soil
1.414,0.865,1.123,19.202,34.212,0.604,6.428,Red Soil
1.026,1.248,1.538,26.252,29.589,0.342,6.592,Red Soil
1.456,0.725,1.414,22.014,27.726,0.543,6.618,Red Soil
0.883,1.073,0.932,18.606,31.853,0.422,5.984,Red Soil
1.345,1.301,0.855,27.706,34.582,0.267,5.724,Red Soil
0.968,0.947,1.459,17.124,25.558,0.578,5.532,Red Soil
1.11,1.135,1.058,25.516,31.645,0.403,5.911,Red Soil
1.265,0.986,1.471,21.276,32.393,0.338,6.028,Red Soil
0.801,0.89,1.243,19.147,26.878,0.477,6.619,Red Soil
1.119,0.777,1.5,27.395,34.129,0.616,6.693,Red Soil
0.921,1.014,1.395,24.639,31.377,0.285,6.258,Red Soil
1.31,1.386,1.028,20.965,29.986,0.435,6.443,Red Soil
0.744,1.179,0.718,23.586,33.64,0.386,6.482,Red Soil
1.397,0.826,1.275,22.205,28.412,0.548,6.527,Red Soil
0.864,1.294,0.635,18.326,26.017,0.327,6.114,Red Soil
1.255,1.476,1.132,26.455,30.3,0.466,6.184,Red Soil
1.014,0.721,1.348,24.125,32.081,0.287,6.611,Red Soil
1.348,0.954,1.464,20.318,29.529,0.399,6.425,Red Soil
0.798,1.176,1.175,23.335,31.936,0.556,6.631,Red Soil
1.188,0.685,0.859,18.853,27.247,0.405,6.041,Red Soil
1.436,1.259,1.04,21.089,29.714,0.316,6.482,Red Soil
1.092,0.824,1.423,27.659,34.323,0.477,6.511,Red Soil
0.952,1.101,0.995,24.243,31.57,0.588,6.142,Red Soil
1.281,1.448,0.751,22.351,28.072,0.609,6.347,Red Soil
1.378,1.018,1.207,27.806,35.16,0.347,5.721,Red Soil
0.926,1.195,1.312,16.518,24.93,0.358,6.66,Red Soil
1.32,0.743,1.056,19.904,30.144,0.609,6.407,Red Soil
1.075,1.35,1.139,22.457,33.532,0.498,6.165,Red Soil
0.724,1.035,0.808,19.722,27.159,0.335,6.014,Red Soil
1.298,1.403,1.052,21.785,31.091,0.476,6.198,Red Soil
1.055,0.872,1.284,25.414,33.754,0.588,5.863,Red Soil
0.802,1.109,0.539,16.998,25.49,0.242,5.836,Red Soil
1.401,0.955,1.221,28.023,30.736,0.413,6.597,Red Soil
0.94,0.632,1.167,22.948,29.47,0.525,5.813,Red Soil
1.236,1.318,0.901,26.18,35.619,0.366,6.608,Red Soil
1.389,0.975,1.004,17.572,26.781,0.457,6.655,Red Soil
1.127,1.2,0.701,24.59,32.049,0.321,6.182,Red Soil
0.876,1.325,0.868,19.119,28.338,0.554,6.4,Red Soil
1.464,1.184,1.344,22.905,31.938,0.402,6.331,Red Soil
1.032,0.796,1.278,18.393,25.987,0.463,5.982,Red Soil
1.297,1.472,0.925,21.456,29.395,0.507,6.552,Red Soil
0.723,1.027,1.485,20.807,31.648,0.349,6.641,Red Soil
1.376,0.654,0.998,23.123,34.573,0.298,6.098,Red Soil
0.867,1.129,1.008,19.838,27.277,0.419,6.131,Red Soil
1.235,1.254,1.104,27.292,32.801,0.375,5.576,Red Soil
0.987,0.8,1.154,24.365,30.658,0.289,6.204,Red Soil
1.149,1.473,0.842,21.945,29.246,0.435,6.328,Red Soil
1.03,0.723,1.09,18.019,26.358,0.468,5.722,Red Soil
1.317,1.009,1.465,26.783,30.621,0.319,6.588,Red Soil
0.974,1.335,0.997,25.123,32.194,0.559,5.579,Red Soil
1.411,0.691,0.817,19.453,27.974,0.35,5.982,Red Soil
0.832,1.108,1.261,24.849,31.149,0.465,5.94,Red Soil
1.186,1.22,0.764,22.248,29.876,0.596,6.437,Red Soil
1.071,0.838,1.304,26.671,35.013,0.233,5.837,Red Soil
0.942,0.989,1.413,17.215,25.233,0.451,6.654,Red Soil
1.399,1.313,1.059,19.891,30.442,0.388,6.215,Red Soil
1.128,0.702,1.389,22.409,34.782,0.511,6.346,Red Soil
0.803,1.168,1.424,23.94,28.617,0.372,6.477,Red Soil
1.264,1.492,0.976,25.181,32.344,0.508,5.567,Red Soil
0.731,1.009,1.153,21.631,26.785,0.288,6.036,Red Soil
1.342,0.834,0.857,20.072,28.938,0.289,6.192,Red Soil
0.897,1.439,1.426,27.323,34.911,0.487,5.862,Red Soil
1.306,0.957,1.012,23.57,30.59,0.298,6.289,Red Soil
1.047,0.724,0.67,16.704,25.794,0.523,6.062,Red Soil
1.379,1.171,1.267,19.521,31.039,0.466,6.669,Red Soil
0.91,0.788,0.712,24.729,35.324,0.524,6.384,Red Soil
1.313,1.002,1.493,21.214,28.8,0.335,6.418,Red Soil
0.767,1.25,1.024,26.468,32.611,0.281,6.029,Red Soil
1.208,1.395,0.946,22.895,30.173,0.567,6.352,Red Soil
0.853,0.751,1.337,17.956,26.478,0.413,5.587,Red Soil
1.395,1.065,0.778,19.049,29.615,0.239,5.989,Red Soil
0.918,1.189,1.096,24.157,33.69,0.492,6.451,Red Soil
1.347,1.307,0.808,23.759,31.937,0.318,6.224,Red Soil
0.682,0.954,1.26,20.415,28.296,0.599,5.674,Red Soil
1.289,0.846,1.189,26.912,35.467,0.376,6.38,Red Soil
0.935,1.194,1.39,22.617,33.051,0.299,6.469,Red Soil
1.401,0.875,1.484,18.459,30.235,0.545,6.51,Red Soil
0.774,1.025,0.934,23.447,29.978,0.386,5.563,Red Soil
0.952,0.654,1.235,20.381,26.957,0.313,6.063,Red Soil
1.312,0.913,0.809,23.845,33.32,0.469,6.619,Red Soil
1.075,1.279,0.969,18.932,29.42,0.345,6.476,Red Soil
0.823,1.495,1.177,22.186,30.947,0.282,5.806,Red Soil
1.405,0.729,1.463,25.647,35.558,0.55,6.212,Red Soil
0.899,1.104,1.029,17.571,28.605,0.521,5.601,Red Soil
1.237,1.422,0.836,21.554,32.719,0.288,6.679,Red Soil
1.049,0.857,1.129,24.192,29.859,0.381,5.798,Red Soil
1.284,1.333,1.374,20.631,27.412,0.588,6.327,Red Soil
0.798,1.176,0.76,23.991,31.514,0.289,6.497,Red Soil
1.215,1.197,1.108,26.854,34.502,0.485,6.654,Red Soil
0.965,1.059,1.255,18.276,26.429,0.422,5.974,Red Soil
1.149,0.794,1.422,22.113,32.876,0.372,6.468,Red Soil
1.361,1.24,0.995,26.397,35.127,0.537,6.234,Red Soil
0.715,0.908,1.288,19.234,28.176,0.268,6.123,Red Soil
1.396,0.694,0.813,24.563,30.679,0.512,6.454,Red Soil
0.877,1.296,0.954,20.553,27.708,0.311,6.132,Red Soil
1.308,0.793,1.447,23.297,29.117,0.596,6.376,Red Soil
0.981,1.437,0.895,25.754,33.859,0.44,5.795,Red Soil
1.41,1.07,1.115,21.075,30.263,0.285,6.023,Red Soil
0.945,0.621,0.821,17.98,25.832,0.472,6.536,Red Soil
1.286,0.842,1.377,24.917,32.01,0.345,6.352,Red Soil
1.12,1.164,1.197,22.644,30.564,0.424,6.103,Red Soil
0.83,1.357,0.765,26.241,34.409,0.486,6.375,Red Soil
1.387,1.191,1.236,19.754,27.145,0.38,6.648,Red Soil
1.036,0.721,0.702,22.503,32.548,0.514,6.157,Red Soil
1.341,0.966,1.148,26.78,35.11,0.299,5.981,Red Soil
0.919,0.727,0.876,19.393,28.369,0.242,6.498,Red Soil
1.319,1.403,1.287,21.868,29.81,0.327,6.123,Red Soil
1.07,0.635,1.319,24.28,31.152,0.532,6.564,Red Soil
0.845,1.281,1.401,23.722,34.067,0.298,5.903,Red Soil
1.383,0.948,1.07,18.514,26.673,0.582,6.204,Red Soil
1.111,1.374,1.156,27.241,29.911,0.356,5.956,Red Soil
0.722,1.124,0.891,19.12,25.348,0.254,6.464,Red Soil
1.399,1.005,0.739,22.305,30.803,0.389,6.312,Red Soil
1.049,0.81,1.432,25.87,33.495,0.571,6.066,Red Soil
0.916,1.467,1.032,21.419,28.59,0.32,5.79,Red Soil
1.318,1.058,0.912,23.953,30.057,0.28,6.433,Red Soil
0.795,0.778,1.252,17.825,26.868,0.458,6.015,Red Soil
1.276,1.306,1.29,20.123,32.306,0.35,5.74,Red Soil
0.982,1.192,0.943,26.449,28.443,0.295,6.695,Red Soil
1.145,1.014,1.011,22.538,30.227,0.284,6.209,Red Soil
0.867,1.343,0.797,18.789,26.186,0.444,5.751,Red Soil
1.374,0.984,1.35,23.389,29.974,0.316,6.356,Red Soil
0.731,1.261,1.343,26.952,34.655,0.488,5.579,Red Soil
1.357,1.122,0.882,24.568,32.238,0.322,6.292,Red Soil
0.91,0.848,1.482,19.982,27.377,0.278,5.934,Red Soil
1.286,1.397,1.109,22.276,29.966,0.299,6.514,Red Soil
0.829,1.037,0.714,26.315,35.278,0.497,6.426,Red Soil
1.387,1.437,1.249,25.506,30.484,0.384,6.377,Red Soil
0.982,1.094,1.283,20.654,28.95,0.323,6.004,Red Soil
1.319,1.307,0.845,25.124,34.223,0.498,6.507,Red Soil
0.756,1.365,1.142,23.483,29.601,0.286,6.159,Red Soil
1.403,0.978,0.907,21.91,30.784,0.587,6.237,Red Soil
1.057,0.754,1.428,18.545,26.017,0.348,5.735,Red Soil
1.365,1.133,1.031,22.993,31.891,0.281,6.318,Red Soil
0.925,1.216,0.875,26.586,34.344,0.475,6.243,Red Soil
1.285,0.692,0.782,19.351,28.034,0.546,6.6,Red Soil
1.014,1.445,1.174,24.804,33.577,0.314,6.185,Red Soil
1.362,0.868,1.389,20.085,27.987,0.394,6.332,Red Soil
0.84,1.047,1.014,23.774,32.432,0.329,6.57,Red Soil
1.276,1.119,0.729,26.08,34.978,0.476,6.016,Red Soil
1.046,1.334,1.274,22.42,30.102,0.283,5.993,Red Soil
0.789,1.185,0.896,18.998,26.262,0.313,6.428,Red Soil
1.397,0.928,1.352,21.205,29.57,0.465,5.865,Red Soil
0.875,1.412,1.226,25.345,32.967,0.521,5.745,Red Soil
1.308,0.965,0.993,23.237,28.713,0.334,6.675,Red Soil
0.731,1.245,1.109,19.723,25.694,0.288,6.257,Red Soil
1.379,0.871,1.444,26.709,30.38,0.497,5.953,Red Soil
1.003,0.708,0.932,22.153,31.674,0.567,6.673,Red Soil
1.317,1.46,1.311,20.869,27.138,0.314,6.511,Red Soil
0.846,1.303,0.818,24.476,29.829,0.448,6.043,Red Soil
1.295,1.173,1.05,18.432,26.534,0.591,6.466,Red Soil
1.054,1.011,1.287,22.865,31.329,0.345,6.378,Red Soil
0.802,0.843,0.791,26.238,33.246,0.472,6.002,Red Soil
1.348,1.092,1.431,25.691,29.058,0.286,6.654,Red Soil
0.937,1.457,1.175,21.578,32.524,0.421,6.127,Red Soil
1.379,0.773,0.946,23.983,34.845,0.511,5.844,Red Soil
1.042,0.829,1.309,19.266,27.406,0.389,6.194,Red Soil
1.369,1.331,0.707,24.13,30.918,0.594,5.84,Red Soil
0.901,1.15,1.173,21.053,26.157,0.332,5.76,Red Soil
1.294,0.903,1.413,27.182,33.681,0.308,6.5,Red Soil
0.963,0.755,0.834,22.756,28.306,0.371,6.22,Red Soil
1.383,1.199,0.768,25.529,31.772,0.549,6.611,Red Soil
0.828,0.98,1.046,20.418,29.136,0.422,6.37,Red Soil
1.297,0.729,1.25,23.644,30.957,0.493,6.376,Red Soil
1.069,1.275,0.782,26.968,34.321,0.319,6.022,Red Soil
0.784,1.374,1.321,18.787,26.89,0.283,5.721,Red Soil
1.406,0.871,0.904,20.605,28.438,0.498,6.661,Red Soil
1.013,1.421,1.046,24.99,32.504,0.383,6.297,Red Soil
0.798,0.986,1.136,23.142,29.685,0.307,6.345,Red Soil
1.372,1.108,0.797,19.889,27.874,0.458,5.85,Red Soil
1.085,1.338,1.287,26.275,34.582,0.339,6.024,Red Soil
0.915,1.06,0.74,21.387,25.998,0.302,5.937,Red Soil
1.329,0.727,1.288,25.436,30.242,0.563,5.825,Red Soil
0.874,1.442,0.895,22.768,32.807,0.33,5.964,Red Soil
1.303,0.812,1.108,27.239,33.245,0.346,6.693,Red Soil
0.921,0.729,0.797,24.005,28.458,0.31,6.329,Red Soil
1.29,1.497,1.24,19.542,27.265,0.427,6.572,Red Soil
1.067,1.258,1.389,21.721,32.713,0.535,6.034,Red Soil
1.312,1.224,1.428,24.669,29.957,0.479,5.897,Red Soil
0.905,0.697,0.935,20.384,26.732,0.396,5.722,Red Soil
1.54,1.506,1.59,18.267,25.845,0.547,6.256,Red Soil
1.043,0.952,1.372,25.013,30.564,0.542,6.384,Red Soil
0.637,1.284,0.986,22.702,27.829,0.332,5.825,Red Soil
1.472,0.763,1.237,26.458,32.148,0.257,6.145,Red Soil
0.834,1.561,1.473,19.41,26.991,0.429,5.908,Red Soil
1.199,1.492,1.582,23.893,31.401,0.499,6.372,Red Soil
1.049,0.736,0.84,21.324,28.965,0.364,6.618,Red Soil
1.569,1.2,0.565,24.31,29.322,0.228,5.875,Red Soil
0.705,1.007,0.702,17.782,25.512,0.356,6.446,Red Soil
1.136,0.618,1.04,25.698,32.754,0.57,6.665,Red Soil
0.813,1.272,1.254,21.971,26.478,0.267,5.79,Red Soil
1.498,1.366,0.688,18.634,26.247,0.215,5.75,Red Soil
1.054,1.054,1.294,23.45,32.989,0.421,6.491,Red Soil
0.59,1.089,1.543,26.054,31.675,0.319,6.668,Red Soil
1.314,0.833,0.865,22.141,29.267,0.542,6.005,Red Soil
0.956,0.783,1.027,20.235,26.812,0.417,5.788,Red Soil
1.493,1.171,1.542,25.543,29.736,0.471,6.067,Red Soil
1.057,0.948,0.655,23.005,30.168,0.281,6.666,Red Soil
0.736,1.306,0.787,17.947,26.44,0.326,6.33,Red Soil
1.282,0.987,1.079,22.587,32.935,0.299,6.624,Red Soil
0.815,1.147,1.458,26.697,28.607,0.533,6.016,Red Soil
1.399,0.71,1.03,19.913,27.372,0.398,6.518,Red Soil
1.086,1.057,0.731,24.267,31.217,0.289,6.466,Red Soil
0.934,1.482,1.105,21.227,30.89,0.52,5.992,Red Soil
1.377,0.726,1.309,26.05,34.127,0.47,6.487,Red Soil
0.778,0.978,0.925,22.76,29.895,0.335,6.382,Red Soil
1.324,1.298,0.798,25.003,32.993,0.422,6.023,Red Soil
0.932,1.444,0.972,23.423,26.537,0.283,6.556,Red Soil
1.438,0.859,1.434,20.111,29.971,0.498,6.247,Red Soil
1.022,1.119,1.271,26.564,33.413,0.514,6.308,Red Soil
0.767,1.366,1.063,24.098,27.345,0.467,6.692,Red Soil
1.358,0.773,0.735,18.451,32.835,0.367,6.496,Red Soil
1.089,1.437,1.228,21.932,30.719,0.331,5.948,Red Soil
1.355,0.725,1.374,25.859,28.031,0.538,6.688,Red Soil
0.913,1.051,0.642,23.314,31.887,0.352,5.794,Red Soil
1.498,0.824,1.152,19.597,27.58,0.291,6.328,Red Soil
1.007,1.223,1.488,24.775,33.091,0.501,6.612,Red Soil
0.678,0.89,0.863,22.468,29.683,0.415,6.269,Red Soil
1.409,1.354,0.911,26.255,34.634,0.274,6.43,Red Soil
0.789,1.249,0.755,22.931,26.294,0.457,6.098,Red Soil
1.349,0.7,1.29,18.356,31.546,0.505,6.671,Red Soil
1.062,1.483,1.437,21.465,27.951,0.239,6.494,Red Soil
0.726,1.388,1.097,25.151,29.246,0.355,6.036,Red Soil
1.267,1.227,0.828,23.788,32.883,0.261,5.936,Red Soil
0.852,0.764,1.006,20.692,28.34,0.491,6.356,Red Soil
1.584,0.99,1.263,24.482,29.736,0.317,6.44,Red Soil
1.109,1.441,1.552,23.125,30.073,0.345,6.257,Red Soil
0.697,0.873,0.709,26.343,32.34,0.497,6.56,Red Soil
1.312,1.224,1.428,24.669,29.957,0.479,5.897,Red Soil
0.905,0.697,0.935,20.384,26.732,0.396,5.722,Red Soil
1.54,1.506,1.59,18.267,25.845,0.547,6.256,Red Soil
1.043,0.952,1.372,25.013,30.564,0.542,6.384,Red Soil
0.637,1.284,0.986,22.702,27.829,0.332,5.825,Red Soil
1.472,0.763,1.237,26.458,32.148,0.257,6.145,Red Soil
0.834,1.561,1.473,19.41,26.991,0.429,5.908,Red Soil
1.199,1.492,1.582,23.893,31.401,0.499,6.372,Red Soil
1.049,0.736,0.84,21.324,28.965,0.364,6.618,Red Soil
1.569,1.2,0.565,24.31,29.322,0.228,5.875,Red Soil
0.705,1.007,0.702,17.782,25.512,0.356,6.446,Red Soil
1.136,0.618,1.04,25.698,32.754,0.57,6.665,Red Soil
0.813,1.272,1.254,21.971,26.478,0.267,5.79,Red Soil
1.498,1.366,0.688,18.634,26.247,0.215,5.75,Red Soil
1.054,1.054,1.294,23.45,32.989,0.421,6.491,Red Soil
0.59,1.089,1.543,26.054,31.675,0.319,6.668,Red Soil
1.314,0.833,0.865,22.141,29.267,0.542,6.005,Red Soil
0.956,0.783,1.027,20.235,26.812,0.417,5.788,Red Soil
1.493,1.171,1.542,25.543,29.736,0.471,6.067,Red Soil
1.057,0.948,0.655,23.005,30.168,0.281,6.666,Red Soil
0.736,1.306,0.787,17.947,26.44,0.326,6.33,Red Soil
1.282,0.987,1.079,22.587,32.935,0.299,6.624,Red Soil
0.815,1.147,1.458,26.697,28.607,0.533,6.016,Red Soil
